NAME,TYPE,STATE,2-yr mean,2-yr min,2-yr 10th ptile,2-yr 25th ptile,2-yr 50th ptile,2-yr 75th ptile,2-yr 90th ptile,2-yr max,5-yr mean,5-yr min,5-yr 10th ptile,5-yr 25th ptile,5-yr 50th ptile,5-yr 75th ptile,5-yr 90th ptile,5-yr max,10-yr mean,10-yr min,10-yr 10th ptile,10-yr 25th ptile,10-yr 50th ptile,10-yr 75th ptile,10-yr 90th ptile,10-yr max,25-yr mean,25-yr min,25-yr 10th ptile,25-yr 25th ptile,25-yr 50th ptile,25-yr 75th ptile,25-yr 90th ptile,25-yr max,50-yr mean,50-yr min,50-yr 10th ptile,50-yr 25th ptile,50-yr 50th ptile,50-yr 75th ptile,50-yr 90th ptile,50-yr max,100-yr mean,100-yr min,100-yr 10th ptile,100-yr 25th ptile,100-yr 50th ptile,100-yr 75th ptile,100-yr 90th ptile,100-yr max
Accomack,County,VA,1.11,0.94,1.01,1.06,1.12,1.16,1.20,1.27,1.11,0.91,1.00,1.07,1.12,1.17,1.20,1.31,1.12,0.88,0.99,1.06,1.13,1.17,1.21,1.48,1.13,0.75,0.99,1.05,1.12,1.19,1.27,1.78,1.14,0.63,0.97,1.05,1.12,1.21,1.31,2.22,1.16,0.60,0.95,1.05,1.12,1.25,1.39,2.39
Adams,County,PA,1.13,1.01,1.04,1.08,1.12,1.18,1.24,1.43,1.14,0.93,1.02,1.06,1.13,1.20,1.25,1.76,1.14,0.86,0.99,1.03,1.12,1.20,1.27,2.10,1.14,0.79,0.94,1.00,1.12,1.21,1.32,2.72,1.13,0.68,0.89,0.98,1.11,1.21,1.36,3.32,1.13,0.59,0.84,0.97,1.08,1.22,1.41,4.64
Albemarle,County,VA,1.13,0.89,1.05,1.08,1.12,1.19,1.25,1.33,1.13,0.77,1.01,1.06,1.12,1.20,1.31,1.47,1.14,0.69,0.97,1.05,1.13,1.21,1.33,1.61,1.14,0.60,0.94,1.04,1.14,1.22,1.38,1.85,1.15,0.55,0.91,1.04,1.14,1.24,1.41,2.09,1.16,0.49,0.90,1.02,1.15,1.26,1.45,2.33
Alexandria,City,VA,1.08,0.90,1.00,1.04,1.08,1.11,1.17,1.24,1.08,0.86,0.97,1.03,1.08,1.13,1.22,1.37,1.09,0.83,0.94,1.01,1.08,1.17,1.24,1.43,1.11,0.69,0.90,0.97,1.10,1.23,1.32,1.74,1.13,0.61,0.88,0.96,1.12,1.27,1.39,2.19,1.16,0.49,0.85,0.94,1.15,1.32,1.47,2.82
Allegany,County,MD,1.12,1.00,1.07,1.08,1.11,1.14,1.20,1.34,1.13,0.97,1.05,1.07,1.12,1.16,1.23,1.50,1.14,0.94,1.03,1.07,1.13,1.19,1.26,1.72,1.16,0.83,1.00,1.06,1.14,1.21,1.32,2.14,1.17,0.73,0.96,1.05,1.13,1.23,1.39,2.54,1.19,0.57,0.94,1.04,1.13,1.26,1.47,3.32
Allegany,County,NY,1.12,0.90,1.03,1.08,1.12,1.16,1.20,1.48,1.11,0.86,1.00,1.06,1.11,1.16,1.21,1.52,1.11,0.82,0.99,1.04,1.10,1.17,1.22,1.53,1.10,0.77,0.95,1.01,1.08,1.18,1.27,1.86,1.10,0.67,0.91,0.99,1.07,1.19,1.31,2.37,1.09,0.58,0.86,0.96,1.07,1.20,1.33,2.97
Alleghany,County,VA,1.12,1.00,1.03,1.06,1.11,1.16,1.21,1.30,1.13,0.98,1.03,1.06,1.12,1.19,1.26,1.38,1.14,0.94,1.02,1.06,1.13,1.20,1.29,1.50,1.16,0.79,0.99,1.06,1.14,1.21,1.35,1.70,1.17,0.65,0.97,1.05,1.14,1.23,1.42,2.02,1.18,0.58,0.91,1.04,1.14,1.29,1.52,2.89
Allegheny,County,PA,1.10,0.96,1.02,1.05,1.11,1.15,1.18,1.21,1.10,0.93,0.99,1.05,1.09,1.14,1.20,1.28,1.09,0.88,0.99,1.03,1.09,1.16,1.21,1.42,1.09,0.78,0.97,1.01,1.08,1.18,1.23,1.68,1.09,0.70,0.94,0.99,1.07,1.19,1.28,1.95,1.10,0.65,0.92,0.98,1.06,1.21,1.33,2.15
Amelia,County,VA,1.09,0.87,1.00,1.04,1.09,1.15,1.21,1.35,1.10,0.83,0.99,1.03,1.09,1.15,1.25,1.41,1.10,0.79,0.98,1.02,1.09,1.16,1.31,1.69,1.12,0.69,0.93,1.00,1.10,1.21,1.38,2.25,1.14,0.61,0.90,0.99,1.10,1.26,1.46,2.83,1.16,0.56,0.86,0.97,1.11,1.31,1.56,3.37
Amherst,County,VA,1.13,0.96,1.04,1.07,1.12,1.19,1.26,1.31,1.14,0.93,1.03,1.07,1.14,1.22,1.29,1.43,1.15,0.87,1.01,1.06,1.15,1.23,1.30,1.55,1.16,0.80,0.97,1.05,1.15,1.24,1.35,1.79,1.17,0.71,0.95,1.06,1.15,1.25,1.39,2.04,1.18,0.61,0.92,1.06,1.15,1.28,1.41,2.53
Anne Arundel,County,MD,1.09,0.95,1.03,1.05,1.08,1.11,1.17,1.24,1.08,0.93,1.00,1.03,1.08,1.14,1.20,1.33,1.09,0.89,0.97,1.00,1.07,1.15,1.22,1.45,1.10,0.82,0.93,0.98,1.09,1.18,1.27,1.73,1.11,0.75,0.90,0.97,1.10,1.20,1.34,1.98,1.13,0.66,0.86,0.95,1.11,1.24,1.43,2.46
Appomattox,County,VA,1.14,0.96,1.04,1.06,1.14,1.19,1.28,1.43,1.15,0.90,1.01,1.06,1.14,1.21,1.30,1.51,1.15,0.85,0.99,1.06,1.14,1.22,1.31,1.58,1.15,0.77,0.97,1.05,1.13,1.24,1.34,1.75,1.16,0.67,0.95,1.03,1.13,1.25,1.41,1.90,1.16,0.57,0.90,1.02,1.13,1.29,1.46,2.00
Arlington,County,VA,1.08,0.95,0.99,1.05,1.07,1.12,1.16,1.24,1.08,0.92,0.99,1.02,1.07,1.12,1.19,1.31,1.08,0.89,0.95,1.02,1.08,1.16,1.22,1.54,1.10,0.72,0.93,0.98,1.09,1.20,1.28,2.11,1.12,0.61,0.91,0.98,1.11,1.23,1.36,2.91,1.14,0.54,0.87,0.95,1.13,1.29,1.43,3.06
Armstrong,County,PA,1.10,0.94,1.01,1.07,1.09,1.15,1.17,1.32,1.11,0.87,1.01,1.06,1.10,1.17,1.20,1.39,1.11,0.82,0.99,1.06,1.10,1.18,1.24,1.56,1.13,0.77,0.96,1.05,1.12,1.19,1.31,1.97,1.14,0.72,0.94,1.04,1.13,1.21,1.38,2.36,1.16,0.65,0.92,1.02,1.14,1.25,1.47,3.32
Atlantic,County,NJ,1.12,0.94,1.04,1.07,1.12,1.16,1.21,1.27,1.12,0.85,1.03,1.06,1.12,1.17,1.22,1.36,1.12,0.76,1.02,1.06,1.11,1.18,1.25,1.48,1.13,0.63,0.98,1.06,1.11,1.18,1.30,1.94,1.13,0.55,0.96,1.05,1.12,1.19,1.35,2.47,1.14,0.48,0.93,1.04,1.11,1.22,1.39,2.45
Augusta,County,VA,1.13,0.94,1.05,1.08,1.12,1.19,1.25,1.34,1.14,0.82,1.03,1.07,1.12,1.22,1.29,1.44,1.14,0.73,1.01,1.07,1.12,1.22,1.31,1.52,1.13,0.62,0.95,1.05,1.14,1.23,1.34,1.73,1.13,0.55,0.92,1.03,1.14,1.23,1.33,1.93,1.12,0.48,0.88,1.01,1.15,1.23,1.32,1.85
Baltimore,County,MD,1.10,0.95,1.03,1.05,1.09,1.13,1.19,1.27,1.10,0.93,1.01,1.05,1.09,1.14,1.22,1.43,1.10,0.88,0.98,1.04,1.10,1.14,1.23,1.65,1.11,0.81,0.95,1.02,1.10,1.17,1.28,2.09,1.12,0.76,0.92,0.99,1.11,1.20,1.34,2.51,1.14,0.65,0.89,0.98,1.11,1.24,1.43,2.72
Baltimore,County,MD,1.10,0.87,1.02,1.05,1.11,1.14,1.18,1.25,1.10,0.80,1.01,1.04,1.09,1.15,1.23,1.39,1.10,0.78,0.98,1.03,1.09,1.17,1.26,1.62,1.11,0.64,0.92,1.00,1.09,1.20,1.31,2.15,1.12,0.54,0.88,0.97,1.11,1.24,1.37,2.71,1.15,0.51,0.83,0.93,1.13,1.30,1.49,3.13
Barbour,County,WV,1.08,0.97,1.02,1.04,1.07,1.10,1.16,1.31,1.08,0.94,1.02,1.03,1.07,1.13,1.16,1.27,1.09,0.90,1.01,1.02,1.07,1.15,1.18,1.29,1.09,0.75,0.98,1.01,1.07,1.17,1.22,1.52,1.10,0.64,0.95,1.00,1.07,1.19,1.25,1.78,1.10,0.55,0.93,0.99,1.05,1.22,1.30,2.13
Bath,County,VA,1.13,1.00,1.06,1.08,1.12,1.18,1.21,1.28,1.14,0.97,1.04,1.08,1.14,1.20,1.26,1.39,1.15,0.90,1.03,1.08,1.14,1.20,1.32,1.52,1.16,0.78,1.00,1.06,1.14,1.23,1.38,1.71,1.17,0.69,0.97,1.03,1.14,1.26,1.44,1.97,1.18,0.61,0.94,1.02,1.15,1.31,1.51,2.39
Beaver,County,PA,1.11,0.97,1.04,1.06,1.11,1.14,1.18,1.27,1.10,0.94,1.01,1.05,1.11,1.14,1.18,1.36,1.10,0.89,0.99,1.04,1.09,1.15,1.22,1.40,1.09,0.80,0.95,1.00,1.09,1.17,1.26,1.75,1.10,0.68,0.91,0.98,1.08,1.20,1.32,2.14,1.11,0.58,0.86,0.94,1.06,1.25,1.41,2.49
Bedford,County,PA,1.12,1.00,1.05,1.09,1.12,1.16,1.20,1.27,1.14,0.97,1.05,1.09,1.12,1.17,1.24,1.43,1.15,0.94,1.05,1.09,1.14,1.18,1.25,1.61,1.17,0.89,1.05,1.10,1.14,1.21,1.28,1.97,1.18,0.84,1.02,1.09,1.15,1.23,1.34,2.34,1.20,0.73,0.98,1.09,1.17,1.25,1.40,3.02
Bedford,County,VA,1.13,0.96,1.03,1.06,1.13,1.19,1.24,1.29,1.14,0.96,1.03,1.06,1.15,1.21,1.27,1.36,1.15,0.95,1.03,1.07,1.15,1.22,1.30,1.43,1.17,0.91,1.03,1.08,1.15,1.25,1.34,1.62,1.18,0.86,1.03,1.08,1.15,1.29,1.39,1.87,1.20,0.69,1.01,1.08,1.16,1.32,1.44,2.23
Berkeley,County,WV,1.14,0.99,1.05,1.10,1.13,1.17,1.24,1.28,1.14,0.97,1.04,1.09,1.13,1.20,1.27,1.38,1.14,0.94,1.02,1.08,1.13,1.20,1.29,1.49,1.14,0.87,0.99,1.05,1.11,1.21,1.31,1.86,1.13,0.77,0.96,1.02,1.10,1.23,1.32,2.28,1.13,0.69,0.93,1.00,1.08,1.25,1.37,2.53
Berks,County,PA,1.12,0.97,1.03,1.06,1.13,1.17,1.21,1.28,1.13,0.93,1.01,1.05,1.13,1.19,1.26,1.47,1.14,0.90,0.99,1.04,1.12,1.22,1.29,1.65,1.15,0.82,0.97,1.03,1.13,1.26,1.34,2.05,1.16,0.78,0.94,1.01,1.14,1.27,1.40,2.65,1.18,0.67,0.90,0.98,1.16,1.30,1.49,2.94
Blair,County,PA,1.12,0.99,1.04,1.10,1.13,1.15,1.19,1.27,1.13,0.96,1.04,1.08,1.13,1.17,1.23,1.34,1.14,0.91,1.05,1.08,1.14,1.18,1.25,1.51,1.15,0.84,1.03,1.08,1.14,1.20,1.31,1.86,1.16,0.74,0.99,1.07,1.15,1.22,1.37,2.18,1.17,0.67,0.94,1.04,1.15,1.24,1.43,2.60
Bland,County,VA,1.10,0.99,1.03,1.05,1.10,1.12,1.17,1.31,1.10,0.96,1.01,1.06,1.10,1.13,1.21,1.35,1.11,0.90,1.01,1.05,1.11,1.15,1.19,1.35,1.11,0.80,0.98,1.03,1.13,1.18,1.24,1.49,1.12,0.69,0.95,1.02,1.14,1.20,1.27,1.66,1.12,0.47,0.90,1.01,1.14,1.23,1.31,1.95
Boone,County,WV,1.10,0.99,1.04,1.06,1.10,1.13,1.16,1.20,1.10,0.97,1.03,1.05,1.11,1.13,1.16,1.26,1.10,0.90,1.01,1.05,1.11,1.14,1.16,1.35,1.10,0.75,0.99,1.05,1.11,1.16,1.20,1.58,1.11,0.59,0.95,1.04,1.11,1.18,1.23,1.86,1.12,0.47,0.93,1.03,1.12,1.20,1.28,2.29
Botetourt,County,VA,1.13,0.96,1.04,1.07,1.12,1.19,1.22,1.30,1.15,0.93,1.04,1.08,1.16,1.22,1.26,1.38,1.16,0.88,1.03,1.07,1.17,1.24,1.30,1.52,1.17,0.82,1.02,1.06,1.15,1.27,1.36,1.75,1.19,0.79,1.00,1.06,1.15,1.28,1.44,2.00,1.20,0.74,0.96,1.05,1.15,1.30,1.52,2.46
Bradford,County,PA,1.09,0.96,1.03,1.05,1.08,1.12,1.18,1.25,1.09,0.92,0.99,1.04,1.09,1.13,1.20,1.42,1.10,0.86,0.97,1.04,1.08,1.16,1.22,1.65,1.12,0.77,0.93,1.03,1.10,1.21,1.27,2.15,1.14,0.70,0.91,1.01,1.13,1.25,1.36,2.68,1.17,0.63,0.87,0.99,1.17,1.30,1.46,3.08
Braxton,County,WV,1.09,1.01,1.03,1.05,1.08,1.14,1.17,1.24,1.09,0.97,1.02,1.04,1.07,1.14,1.17,1.25,1.09,0.92,1.01,1.04,1.08,1.14,1.17,1.33,1.08,0.83,0.97,1.02,1.07,1.14,1.21,1.62,1.08,0.74,0.95,1.01,1.06,1.14,1.25,1.94,1.08,0.63,0.91,0.98,1.04,1.13,1.28,2.42
Bristol,City,VA,1.11,1.00,1.04,1.07,1.10,1.15,1.19,1.28,1.11,0.93,1.03,1.06,1.11,1.14,1.20,1.32,1.11,0.88,1.02,1.04,1.11,1.16,1.21,1.30,1.11,0.77,0.99,1.03,1.12,1.19,1.22,1.54,1.11,0.61,0.96,1.02,1.13,1.19,1.24,1.67,1.11,0.54,0.92,1.00,1.13,1.21,1.30,2.05
Bronx,County,NY,1.12,0.91,1.01,1.07,1.12,1.19,1.23,1.31,1.12,0.88,1.00,1.05,1.12,1.18,1.24,1.43,1.12,0.86,0.98,1.04,1.12,1.18,1.25,1.53,1.10,0.71,0.95,1.01,1.09,1.18,1.27,1.64,1.09,0.53,0.91,1.00,1.07,1.18,1.30,1.79,1.08,0.35,0.86,0.97,1.05,1.17,1.33,2.29
Brooke,County,WV,1.11,0.91,1.03,1.07,1.12,1.15,1.19,1.27,1.12,0.85,0.99,1.06,1.12,1.16,1.23,1.41,1.12,0.80,0.97,1.05,1.12,1.17,1.26,1.44,1.12,0.63,0.94,1.01,1.12,1.18,1.28,1.56,1.12,0.53,0.92,1.00,1.12,1.21,1.31,1.76,1.11,0.52,0.86,0.96,1.12,1.22,1.38,3.04
Broome,County,NY,1.10,0.92,1.03,1.06,1.10,1.14,1.19,1.28,1.10,0.91,1.01,1.05,1.10,1.15,1.21,1.33,1.11,0.89,1.01,1.04,1.09,1.17,1.23,1.41,1.12,0.78,1.00,1.04,1.09,1.19,1.27,1.58,1.13,0.66,0.99,1.04,1.10,1.21,1.32,1.76,1.14,0.54,0.98,1.03,1.11,1.24,1.35,2.05
Brunswick,County,VA,1.10,0.94,1.01,1.05,1.08,1.13,1.21,1.31,1.10,0.90,0.97,1.03,1.09,1.15,1.25,1.36,1.10,0.86,0.95,1.00,1.10,1.16,1.27,1.43,1.10,0.76,0.91,0.99,1.10,1.19,1.32,1.53,1.11,0.67,0.90,0.97,1.10,1.21,1.35,1.74,1.11,0.58,0.89,0.96,1.09,1.23,1.40,2.01
Buchanan,County,VA,1.10,0.97,1.04,1.06,1.10,1.15,1.18,1.22,1.10,0.95,1.01,1.05,1.11,1.14,1.20,1.33,1.10,0.93,1.00,1.04,1.09,1.15,1.21,1.50,1.10,0.82,0.97,1.02,1.09,1.17,1.24,1.70,1.10,0.73,0.96,1.01,1.08,1.19,1.26,2.01,1.11,0.63,0.93,0.99,1.08,1.21,1.30,3.57
Buckingham,County,VA,1.11,0.88,1.02,1.06,1.11,1.16,1.24,1.35,1.12,0.85,1.01,1.05,1.11,1.17,1.25,1.50,1.13,0.85,0.99,1.04,1.11,1.19,1.28,1.60,1.14,0.76,0.97,1.04,1.11,1.20,1.34,1.97,1.15,0.65,0.94,1.03,1.11,1.23,1.40,2.39,1.16,0.52,0.90,1.03,1.11,1.25,1.45,3.22
Bucks,County,PA,1.10,0.99,1.02,1.06,1.10,1.15,1.18,1.28,1.10,0.98,1.01,1.04,1.09,1.15,1.19,1.39,1.10,0.92,1.01,1.03,1.10,1.16,1.20,1.47,1.11,0.80,0.98,1.03,1.10,1.17,1.25,1.64,1.12,0.69,0.96,1.02,1.11,1.19,1.30,1.87,1.13,0.61,0.93,1.01,1.11,1.23,1.37,5.95
Buena Vista,City,VA,1.15,0.99,1.04,1.07,1.12,1.21,1.30,1.42,1.15,0.91,1.02,1.06,1.13,1.24,1.33,1.48,1.15,0.81,0.98,1.06,1.13,1.25,1.35,1.57,1.14,0.65,0.96,1.04,1.13,1.24,1.33,1.68,1.13,0.50,0.91,1.02,1.13,1.24,1.33,1.97,1.12,0.49,0.88,1.00,1.12,1.22,1.34,2.65
Burlington,County,NJ,1.10,0.98,1.02,1.05,1.10,1.14,1.19,1.30,1.10,0.96,1.00,1.04,1.10,1.15,1.20,1.32,1.10,0.92,1.00,1.03,1.09,1.15,1.20,1.38,1.10,0.87,0.99,1.02,1.09,1.15,1.22,1.53,1.10,0.83,0.95,1.01,1.08,1.16,1.25,1.91,1.11,0.73,0.93,1.00,1.07,1.19,1.28,2.63
Butler,County,PA,1.10,0.97,1.01,1.07,1.11,1.14,1.19,1.26,1.10,0.93,1.00,1.07,1.10,1.15,1.19,1.34,1.10,0.90,0.99,1.05,1.10,1.16,1.21,1.40,1.11,0.84,0.96,1.02,1.11,1.18,1.25,1.61,1.11,0.79,0.95,1.01,1.12,1.20,1.28,1.92,1.12,0.74,0.92,1.00,1.11,1.23,1.32,2.25
Cabell,County,WV,1.10,0.99,1.01,1.05,1.11,1.14,1.16,1.23,1.10,0.97,1.01,1.05,1.10,1.15,1.18,1.28,1.10,0.92,1.01,1.04,1.11,1.16,1.20,1.38,1.12,0.78,0.98,1.04,1.11,1.18,1.25,1.67,1.13,0.67,0.95,1.04,1.12,1.21,1.31,1.97,1.14,0.50,0.91,1.03,1.13,1.24,1.38,2.46
Calhoun,County,WV,1.12,0.95,1.04,1.09,1.13,1.16,1.18,1.28,1.13,0.89,1.03,1.07,1.13,1.18,1.21,1.31,1.13,0.82,1.02,1.07,1.13,1.19,1.25,1.43,1.13,0.70,0.97,1.06,1.12,1.20,1.30,1.78,1.13,0.62,0.93,1.03,1.12,1.21,1.36,2.22,1.13,0.49,0.86,1.00,1.09,1.22,1.41,3.39
Calvert,County,MD,1.09,0.96,1.01,1.05,1.08,1.14,1.17,1.26,1.09,0.88,1.00,1.03,1.08,1.15,1.19,1.43,1.09,0.83,0.98,1.03,1.07,1.17,1.23,1.72,1.10,0.75,0.95,1.01,1.08,1.20,1.27,2.23,1.11,0.67,0.93,1.00,1.09,1.22,1.30,2.64,1.13,0.58,0.90,0.99,1.11,1.24,1.39,2.39
Cambria,County,PA,1.08,0.97,1.01,1.05,1.07,1.12,1.15,1.27,1.09,0.91,1.01,1.04,1.07,1.14,1.18,1.32,1.10,0.85,1.00,1.04,1.08,1.16,1.20,1.34,1.11,0.76,0.99,1.05,1.10,1.19,1.24,1.69,1.13,0.70,0.97,1.05,1.12,1.21,1.28,2.12,1.15,0.64,0.94,1.04,1.15,1.24,1.32,2.57
Camden,County,NJ,1.11,0.98,1.04,1.05,1.10,1.15,1.19,1.31,1.11,0.97,1.03,1.06,1.09,1.16,1.20,1.31,1.11,0.95,1.02,1.05,1.09,1.16,1.22,1.33,1.11,0.84,0.99,1.05,1.09,1.18,1.26,1.64,1.11,0.75,0.97,1.04,1.09,1.19,1.28,2.03,1.12,0.63,0.94,1.02,1.09,1.20,1.32,2.34
Cameron,County,PA,1.11,0.95,1.01,1.07,1.10,1.15,1.19,1.27,1.10,0.90,1.00,1.06,1.11,1.16,1.19,1.28,1.10,0.86,0.99,1.05,1.11,1.16,1.21,1.30,1.10,0.79,0.97,1.04,1.11,1.17,1.25,1.43,1.11,0.71,0.94,1.03,1.11,1.19,1.27,1.58,1.11,0.61,0.89,1.03,1.12,1.22,1.30,1.83
Campbell,County,VA,1.14,0.98,1.03,1.07,1.14,1.19,1.26,1.33,1.14,0.97,1.02,1.08,1.15,1.19,1.25,1.38,1.15,0.95,1.01,1.09,1.15,1.21,1.28,1.42,1.15,0.89,1.00,1.08,1.14,1.23,1.31,1.48,1.15,0.77,0.98,1.07,1.13,1.24,1.34,1.61,1.16,0.67,0.97,1.05,1.13,1.26,1.36,1.79
Cape May,County,NJ,1.10,0.94,1.01,1.06,1.09,1.15,1.19,1.31,1.11,0.90,1.02,1.05,1.10,1.17,1.22,1.39,1.12,0.87,1.01,1.05,1.11,1.17,1.24,1.63,1.13,0.81,0.99,1.04,1.11,1.19,1.26,2.14,1.13,0.76,0.98,1.04,1.12,1.22,1.29,2.67,1.15,0.66,0.95,1.04,1.13,1.24,1.36,2.81
Carbon,County,PA,1.10,0.93,1.01,1.06,1.11,1.15,1.18,1.24,1.11,0.89,0.98,1.05,1.12,1.19,1.23,1.46,1.12,0.85,0.97,1.05,1.12,1.21,1.25,1.69,1.14,0.80,0.96,1.05,1.14,1.23,1.32,2.20,1.17,0.73,0.95,1.05,1.15,1.26,1.39,2.79,1.19,0.64,0.95,1.05,1.16,1.30,1.46,3.72
Caroline,County,MD,1.10,0.99,1.03,1.05,1.09,1.16,1.19,1.24,1.10,0.94,1.01,1.05,1.10,1.15,1.20,1.38,1.11,0.89,0.99,1.04,1.10,1.15,1.22,1.53,1.12,0.83,0.95,1.03,1.10,1.18,1.28,1.91,1.13,0.73,0.92,1.01,1.10,1.21,1.35,2.32,1.14,0.61,0.88,0.97,1.10,1.24,1.46,2.72
Caroline,County,VA,1.09,0.93,1.02,1.05,1.08,1.14,1.19,1.23,1.10,0.91,0.99,1.04,1.09,1.16,1.23,1.60,1.10,0.89,0.98,1.02,1.10,1.17,1.23,2.05,1.11,0.78,0.95,1.00,1.11,1.20,1.28,2.86,1.13,0.72,0.93,0.99,1.11,1.22,1.36,3.46,1.14,0.63,0.90,0.99,1.11,1.24,1.46,2.77
Carroll,County,MD,1.13,0.98,1.03,1.08,1.13,1.17,1.26,1.41,1.13,0.94,1.02,1.07,1.11,1.17,1.25,1.59,1.13,0.88,1.00,1.06,1.11,1.18,1.26,1.86,1.13,0.79,0.95,1.03,1.12,1.18,1.27,2.33,1.13,0.71,0.93,1.00,1.11,1.21,1.34,2.70,1.14,0.59,0.91,0.97,1.10,1.24,1.38,3.46
Carroll,County,VA,1.13,0.99,1.03,1.09,1.12,1.17,1.24,1.27,1.13,0.97,1.02,1.08,1.12,1.18,1.23,1.31,1.12,0.97,1.03,1.07,1.12,1.18,1.23,1.40,1.13,0.90,1.00,1.06,1.11,1.19,1.25,2.11,1.13,0.81,0.99,1.06,1.11,1.20,1.27,3.20,1.14,0.80,0.98,1.04,1.11,1.20,1.32,3.68
Cecil,County,MD,1.13,0.99,1.04,1.07,1.13,1.18,1.20,1.39,1.12,0.94,1.02,1.06,1.11,1.20,1.22,1.39,1.12,0.87,1.01,1.05,1.12,1.21,1.24,1.47,1.12,0.72,0.97,1.04,1.10,1.20,1.27,1.81,1.12,0.61,0.93,1.02,1.10,1.19,1.32,2.17,1.11,0.48,0.88,0.99,1.10,1.21,1.36,2.46
Centre,County,PA,1.12,0.98,1.03,1.08,1.12,1.16,1.18,1.23,1.13,0.94,1.01,1.09,1.12,1.18,1.21,1.41,1.13,0.90,1.01,1.08,1.12,1.19,1.23,1.63,1.14,0.82,0.98,1.07,1.12,1.20,1.27,2.05,1.14,0.75,0.97,1.05,1.11,1.23,1.31,2.47,1.14,0.68,0.93,1.02,1.11,1.25,1.36,3.02
Charles,County,MD,1.09,0.92,1.02,1.05,1.09,1.12,1.17,1.28,1.10,0.88,0.99,1.03,1.09,1.16,1.21,1.32,1.10,0.80,0.97,1.02,1.09,1.19,1.23,1.50,1.12,0.69,0.93,1.00,1.12,1.23,1.28,1.94,1.13,0.63,0.89,0.99,1.14,1.27,1.35,2.43,1.16,0.61,0.85,0.96,1.15,1.31,1.44,3.71
Charles City,County,VA,1.09,0.96,1.00,1.03,1.08,1.13,1.19,1.27,1.08,0.93,0.98,1.02,1.07,1.13,1.20,1.29,1.08,0.92,0.98,1.01,1.08,1.14,1.22,1.46,1.09,0.84,0.97,1.00,1.06,1.16,1.24,1.80,1.10,0.75,0.96,1.00,1.06,1.19,1.27,2.14,1.11,0.66,0.94,0.98,1.05,1.22,1.31,2.26
Charlotte,County,VA,1.11,0.97,1.03,1.07,1.11,1.16,1.20,1.29,1.12,0.93,1.03,1.05,1.11,1.18,1.22,1.31,1.12,0.88,1.02,1.05,1.11,1.19,1.25,1.35,1.13,0.83,1.01,1.05,1.12,1.20,1.27,1.44,1.13,0.72,0.99,1.04,1.13,1.21,1.31,1.65,1.14,0.58,0.95,1.04,1.13,1.23,1.37,1.79
Charlottesville,City,VA,1.12,0.88,1.02,1.07,1.11,1.18,1.25,1.35,1.12,0.77,1.00,1.05,1.13,1.19,1.29,1.58,1.13,0.71,0.97,1.04,1.13,1.20,1.30,1.73,1.14,0.62,0.94,1.04,1.13,1.21,1.34,2.10,1.16,0.53,0.90,1.03,1.13,1.25,1.42,2.61,1.18,0.53,0.87,1.00,1.14,1.29,1.55,2.88
Chemung,County,NY,1.10,0.95,1.02,1.07,1.09,1.13,1.19,1.29,1.11,0.95,1.01,1.06,1.10,1.15,1.19,1.38,1.11,0.88,1.00,1.05,1.11,1.16,1.20,1.50,1.12,0.73,0.98,1.05,1.12,1.17,1.25,1.70,1.13,0.66,0.96,1.05,1.12,1.18,1.30,1.93,1.14,0.48,0.90,1.04,1.14,1.20,1.36,2.54
Chenango,County,NY,1.10,0.94,1.03,1.06,1.09,1.14,1.18,1.28,1.10,0.93,1.00,1.04,1.09,1.14,1.18,1.36,1.10,0.93,0.99,1.04,1.09,1.14,1.21,1.46,1.10,0.85,0.96,1.02,1.09,1.16,1.25,1.65,1.11,0.76,0.94,1.00,1.09,1.19,1.30,1.81,1.12,0.70,0.91,0.98,1.10,1.23,1.36,2.01
Chesapeake,City,VA,1.10,0.91,0.98,1.04,1.11,1.15,1.19,1.32,1.11,0.87,0.97,1.04,1.10,1.18,1.25,1.37,1.12,0.83,0.97,1.04,1.11,1.20,1.28,1.41,1.12,0.67,0.92,1.04,1.11,1.23,1.31,1.53,1.13,0.55,0.89,1.03,1.13,1.27,1.35,1.66,1.14,0.48,0.87,1.02,1.13,1.28,1.39,2.32
Chester,County,PA,1.12,0.97,1.02,1.06,1.11,1.16,1.21,1.33,1.13,0.91,1.00,1.05,1.12,1.19,1.27,1.39,1.13,0.87,0.99,1.03,1.11,1.20,1.31,1.51,1.14,0.78,0.97,1.01,1.11,1.23,1.35,2.06,1.14,0.71,0.94,1.00,1.11,1.27,1.41,2.65,1.15,0.66,0.89,0.99,1.10,1.32,1.48,2.15
Chesterfield,County,VA,1.09,0.91,1.00,1.04,1.10,1.14,1.19,1.26,1.09,0.86,0.97,1.03,1.10,1.15,1.23,1.31,1.10,0.83,0.97,1.02,1.10,1.17,1.26,1.40,1.11,0.72,0.95,1.01,1.11,1.20,1.30,1.58,1.13,0.59,0.94,1.00,1.11,1.24,1.34,1.75,1.15,0.56,0.90,0.99,1.13,1.28,1.41,2.20
Clarion,County,PA,1.11,0.98,1.05,1.07,1.11,1.13,1.19,1.26,1.11,0.95,1.04,1.07,1.11,1.15,1.21,1.30,1.12,0.89,1.03,1.07,1.11,1.16,1.22,1.38,1.13,0.75,1.00,1.06,1.12,1.19,1.25,1.54,1.14,0.63,0.99,1.05,1.12,1.21,1.30,1.72,1.15,0.61,0.97,1.04,1.13,1.25,1.35,2.24
Clarke,County,VA,1.15,0.97,1.04,1.10,1.15,1.22,1.27,1.37,1.14,0.89,1.01,1.09,1.13,1.21,1.27,1.53,1.13,0.82,1.00,1.07,1.12,1.20,1.28,1.69,1.12,0.73,0.96,1.02,1.09,1.19,1.27,1.99,1.10,0.64,0.92,1.00,1.07,1.18,1.28,2.29,1.09,0.53,0.87,0.96,1.05,1.18,1.30,2.90
Clay,County,WV,1.08,0.96,1.01,1.05,1.08,1.12,1.14,1.24,1.08,0.96,1.00,1.04,1.08,1.12,1.14,1.23,1.08,0.93,1.00,1.03,1.08,1.12,1.16,1.26,1.08,0.80,0.97,1.01,1.08,1.13,1.20,1.61,1.09,0.69,0.94,0.99,1.08,1.16,1.25,2.16,1.10,0.38,0.90,0.97,1.07,1.19,1.32,2.99
Clearfield,County,PA,1.11,0.96,1.04,1.08,1.12,1.14,1.17,1.24,1.11,0.91,1.03,1.06,1.11,1.16,1.19,1.30,1.11,0.86,1.02,1.06,1.10,1.17,1.21,1.32,1.11,0.81,1.00,1.04,1.10,1.18,1.24,1.49,1.12,0.74,0.99,1.03,1.10,1.19,1.28,1.72,1.12,0.69,0.97,1.03,1.10,1.21,1.32,2.03
Clinton,County,PA,1.11,0.97,1.04,1.06,1.12,1.16,1.18,1.24,1.11,0.92,1.00,1.06,1.12,1.17,1.20,1.33,1.11,0.89,0.98,1.05,1.12,1.18,1.23,1.49,1.12,0.82,0.96,1.04,1.11,1.20,1.26,1.81,1.12,0.74,0.92,1.02,1.11,1.21,1.30,2.15,1.13,0.66,0.89,0.99,1.11,1.22,1.34,2.66
Colonial Heights,City,VA,1.08,0.85,0.96,1.03,1.09,1.15,1.18,1.31,1.09,0.84,0.95,1.04,1.08,1.14,1.23,1.40,1.09,0.83,0.93,1.03,1.09,1.15,1.26,1.43,1.11,0.73,0.93,1.01,1.11,1.19,1.31,1.70,1.13,0.58,0.93,1.00,1.12,1.22,1.38,2.07,1.16,0.66,0.93,1.00,1.13,1.27,1.45,2.63
Columbia,County,PA,1.11,0.96,1.02,1.09,1.12,1.15,1.18,1.36,1.13,0.94,0.99,1.08,1.13,1.19,1.24,1.68,1.14,0.88,0.98,1.08,1.14,1.20,1.28,2.05,1.17,0.79,0.97,1.07,1.15,1.23,1.34,2.76,1.19,0.72,0.97,1.06,1.16,1.28,1.39,3.55,1.22,0.60,0.95,1.06,1.17,1.32,1.45,4.04
Cortland,County,NY,1.11,0.96,1.04,1.07,1.09,1.14,1.20,1.31,1.10,0.95,1.03,1.06,1.10,1.14,1.20,1.32,1.11,0.92,1.02,1.05,1.09,1.16,1.22,1.36,1.11,0.81,0.98,1.04,1.10,1.19,1.27,1.68,1.13,0.71,0.95,1.03,1.11,1.21,1.30,2.09,1.14,0.65,0.91,1.02,1.11,1.23,1.39,2.33
Covington,City,VA,1.11,0.93,1.00,1.07,1.10,1.16,1.21,1.31,1.12,0.95,1.01,1.05,1.12,1.19,1.27,1.37,1.13,0.87,0.99,1.04,1.13,1.21,1.31,1.48,1.15,0.77,0.96,1.01,1.13,1.23,1.38,1.93,1.16,0.66,0.94,0.99,1.13,1.26,1.45,2.39,1.19,0.57,0.90,0.98,1.16,1.34,1.55,3.56
Craig,County,VA,1.13,0.91,1.04,1.08,1.12,1.16,1.24,1.33,1.14,0.91,1.04,1.08,1.14,1.21,1.26,1.38,1.15,0.91,1.03,1.08,1.15,1.21,1.30,1.41,1.16,0.88,1.01,1.08,1.15,1.24,1.35,1.52,1.16,0.80,1.00,1.07,1.14,1.26,1.37,1.75,1.17,0.71,0.98,1.05,1.14,1.30,1.40,2.02
Crawford,County,PA,1.11,0.94,1.01,1.06,1.11,1.16,1.20,1.26,1.11,0.93,1.00,1.05,1.12,1.18,1.23,1.31,1.12,0.92,1.00,1.04,1.12,1.19,1.24,1.38,1.13,0.85,0.99,1.04,1.13,1.21,1.26,1.53,1.14,0.78,0.99,1.04,1.13,1.23,1.30,1.74,1.15,0.84,0.98,1.02,1.12,1.26,1.35,1.78
Culpeper,County,VA,1.13,0.94,1.03,1.09,1.14,1.16,1.21,1.36,1.13,0.89,1.05,1.08,1.13,1.17,1.22,1.38,1.13,0.86,1.03,1.07,1.13,1.18,1.22,1.44,1.13,0.83,1.01,1.07,1.12,1.18,1.25,1.57,1.13,0.82,0.98,1.04,1.11,1.19,1.30,1.73,1.13,0.78,0.96,1.02,1.11,1.21,1.33,2.08
Cumberland,County,NJ,1.10,0.94,1.03,1.06,1.10,1.15,1.19,1.23,1.11,0.83,1.02,1.07,1.11,1.17,1.20,1.29,1.11,0.75,1.00,1.05,1.11,1.19,1.24,1.38,1.12,0.63,0.97,1.03,1.11,1.21,1.30,1.66,1.13,0.55,0.94,1.02,1.12,1.23,1.36,2.03,1.14,0.49,0.91,0.99,1.13,1.24,1.45,2.68
Cumberland,County,PA,1.14,0.94,1.06,1.09,1.14,1.18,1.24,1.39,1.15,0.91,1.05,1.09,1.14,1.18,1.27,1.70,1.16,0.89,1.03,1.08,1.13,1.17,1.30,2.03,1.16,0.83,1.00,1.06,1.13,1.18,1.35,2.66,1.16,0.73,0.97,1.04,1.13,1.20,1.41,3.34,1.16,0.68,0.95,1.01,1.12,1.21,1.45,4.13
Cumberland,County,VA,1.10,0.90,1.02,1.04,1.09,1.16,1.23,1.31,1.11,0.86,0.99,1.04,1.10,1.16,1.26,1.41,1.11,0.83,0.97,1.04,1.10,1.16,1.28,1.64,1.12,0.81,0.95,1.03,1.10,1.19,1.32,2.11,1.13,0.74,0.91,1.02,1.10,1.22,1.35,2.62,1.14,0.61,0.87,1.02,1.10,1.26,1.39,3.17
Danville,City,VA,1.13,0.95,1.02,1.07,1.12,1.17,1.24,1.40,1.13,0.93,1.03,1.07,1.11,1.18,1.25,1.47,1.13,0.86,1.04,1.07,1.12,1.19,1.28,1.46,1.14,0.75,1.01,1.08,1.12,1.20,1.30,1.68,1.15,0.65,0.98,1.07,1.14,1.23,1.32,2.02,1.17,0.55,0.93,1.06,1.17,1.26,1.37,2.72
Dauphin,County,PA,1.13,0.99,1.05,1.09,1.13,1.18,1.23,1.34,1.15,0.97,1.03,1.09,1.14,1.20,1.30,1.65,1.17,0.94,1.00,1.08,1.14,1.22,1.35,1.98,1.18,0.80,0.98,1.08,1.15,1.26,1.40,2.62,1.20,0.71,0.95,1.06,1.15,1.30,1.46,3.29,1.22,0.65,0.93,1.04,1.16,1.34,1.49,3.97
Delaware,County,NY,1.12,0.96,1.04,1.07,1.12,1.16,1.18,1.35,1.12,0.92,1.03,1.07,1.11,1.17,1.21,1.45,1.13,0.85,1.02,1.06,1.11,1.18,1.24,1.56,1.14,0.76,1.02,1.06,1.13,1.20,1.30,1.83,1.16,0.68,1.02,1.06,1.15,1.23,1.36,2.13,1.19,0.60,1.00,1.06,1.16,1.28,1.43,2.78
Delaware,County,PA,1.12,0.94,1.04,1.06,1.11,1.17,1.21,1.53,1.13,0.88,1.03,1.07,1.11,1.20,1.24,1.59,1.14,0.85,1.01,1.06,1.11,1.20,1.27,1.60,1.14,0.80,0.98,1.05,1.13,1.21,1.32,1.94,1.15,0.73,0.96,1.03,1.13,1.24,1.35,2.34,1.15,0.47,0.92,1.02,1.12,1.27,1.39,2.55
Dickenson,County,VA,1.10,0.96,1.04,1.06,1.10,1.13,1.18,1.21,1.10,0.95,1.01,1.05,1.08,1.14,1.19,1.33,1.10,0.88,1.00,1.05,1.08,1.14,1.19,1.55,1.10,0.75,0.99,1.04,1.09,1.16,1.23,1.86,1.11,0.65,0.97,1.03,1.09,1.17,1.26,2.22,1.12,0.58,0.95,1.03,1.10,1.20,1.30,4.48
Dinwiddie,County,VA,1.10,0.97,1.01,1.04,1.09,1.14,1.21,1.35,1.10,0.94,1.00,1.02,1.08,1.15,1.23,1.40,1.10,0.87,0.98,1.02,1.09,1.15,1.25,1.41,1.10,0.70,0.96,1.01,1.11,1.17,1.27,1.54,1.11,0.58,0.95,1.00,1.10,1.19,1.29,1.81,1.12,0.50,0.94,1.00,1.10,1.21,1.34,2.10
District of Columbia,County,DC,1.09,0.93,0.98,1.05,1.07,1.15,1.19,1.25,1.09,0.88,0.97,1.03,1.07,1.13,1.22,1.43,1.09,0.87,0.95,1.02,1.07,1.16,1.24,1.61,1.10,0.80,0.92,0.98,1.09,1.19,1.28,2.11,1.11,0.71,0.90,0.98,1.10,1.21,1.33,2.73,1.14,0.56,0.87,0.97,1.12,1.25,1.40,3.72
Doddridge,County,WV,1.08,0.97,1.02,1.03,1.06,1.10,1.15,1.31,1.07,0.95,1.01,1.02,1.05,1.11,1.18,1.29,1.07,0.88,0.99,1.02,1.05,1.11,1.18,1.36,1.08,0.75,0.97,1.03,1.06,1.12,1.18,1.50,1.08,0.65,0.95,1.03,1.07,1.14,1.23,1.72,1.09,0.55,0.93,1.02,1.09,1.17,1.28,3.24
Dorchester,County,MD,1.09,0.92,1.00,1.04,1.08,1.13,1.19,1.25,1.08,0.87,0.96,1.03,1.07,1.14,1.22,1.33,1.08,0.84,0.95,1.02,1.06,1.15,1.24,1.46,1.09,0.80,0.93,1.00,1.06,1.17,1.28,1.77,1.10,0.77,0.90,0.99,1.06,1.19,1.32,2.16,1.11,0.69,0.88,0.96,1.06,1.21,1.41,2.66
Elk,County,PA,1.11,0.96,0.99,1.06,1.11,1.16,1.19,1.28,1.10,0.90,0.98,1.06,1.11,1.16,1.19,1.35,1.10,0.86,0.98,1.04,1.11,1.17,1.20,1.43,1.10,0.77,0.96,1.03,1.12,1.18,1.21,1.68,1.11,0.68,0.93,1.02,1.12,1.19,1.24,1.97,1.11,0.59,0.90,1.01,1.12,1.21,1.29,2.21
Emporia,City,VA,1.07,0.93,0.99,1.02,1.06,1.11,1.14,1.27,1.07,0.92,0.98,1.02,1.06,1.12,1.17,1.31,1.08,0.85,0.96,1.00,1.07,1.15,1.19,1.39,1.09,0.71,0.92,0.98,1.08,1.17,1.27,1.79,1.10,0.53,0.88,0.96,1.09,1.21,1.33,2.33,1.12,0.48,0.83,0.95,1.11,1.25,1.42,3.23
Erie,County,PA,1.11,0.96,1.01,1.05,1.12,1.16,1.20,1.23,1.11,0.91,1.02,1.04,1.12,1.17,1.22,1.28,1.12,0.89,1.01,1.04,1.13,1.17,1.24,1.37,1.12,0.81,1.00,1.03,1.13,1.18,1.27,1.53,1.12,0.72,0.99,1.03,1.12,1.19,1.30,1.71,1.13,0.73,0.96,1.03,1.11,1.21,1.33,2.07
Essex,County,VA,1.09,0.94,0.98,1.04,1.09,1.14,1.20,1.27,1.09,0.90,0.96,1.01,1.11,1.16,1.21,1.32,1.09,0.87,0.95,1.00,1.11,1.18,1.22,1.51,1.10,0.82,0.91,0.99,1.11,1.21,1.25,1.87,1.10,0.73,0.90,0.99,1.09,1.22,1.28,2.24,1.11,0.60,0.88,0.96,1.10,1.24,1.33,2.86
Fairfax,County,VA,1.08,0.94,1.00,1.04,1.08,1.10,1.17,1.24,1.08,0.89,0.99,1.04,1.07,1.11,1.18,1.30,1.08,0.88,0.98,1.04,1.07,1.12,1.21,1.41,1.10,0.75,0.97,1.03,1.08,1.16,1.25,1.80,1.12,0.67,0.96,1.02,1.08,1.19,1.32,2.27,1.14,0.57,0.94,1.02,1.09,1.24,1.41,2.76
Fairfax,City,VA,1.07,0.92,0.98,1.04,1.06,1.11,1.18,1.24,1.07,0.85,0.99,1.02,1.07,1.11,1.19,1.31,1.07,0.78,0.97,1.01,1.07,1.13,1.21,1.49,1.08,0.73,0.96,1.00,1.07,1.15,1.25,1.81,1.10,0.64,0.94,1.00,1.06,1.19,1.31,2.13,1.12,0.50,0.91,0.98,1.08,1.23,1.40,2.71
Falls Church,City,VA,1.08,0.95,1.00,1.04,1.07,1.12,1.18,1.24,1.08,0.91,0.98,1.02,1.08,1.13,1.19,1.44,1.08,0.88,0.96,1.01,1.07,1.14,1.22,2.14,1.09,0.74,0.94,1.00,1.07,1.18,1.28,3.69,1.11,0.64,0.91,0.99,1.06,1.22,1.34,5.63,1.13,0.54,0.88,0.97,1.07,1.26,1.42,3.46
Fauquier,County,VA,1.13,0.96,1.04,1.07,1.13,1.17,1.21,1.37,1.13,0.89,1.02,1.07,1.13,1.19,1.26,1.44,1.14,0.81,1.01,1.07,1.12,1.20,1.27,1.64,1.14,0.71,0.97,1.06,1.12,1.21,1.31,2.00,1.14,0.64,0.93,1.04,1.12,1.23,1.34,2.32,1.14,0.55,0.88,1.03,1.12,1.25,1.40,2.81
Fayette,County,PA,1.09,0.99,1.01,1.05,1.08,1.13,1.14,1.27,1.08,0.96,1.00,1.04,1.07,1.13,1.17,1.28,1.09,0.90,0.99,1.02,1.07,1.14,1.19,1.37,1.09,0.74,0.96,1.00,1.08,1.16,1.24,1.66,1.10,0.64,0.92,0.99,1.09,1.17,1.30,2.07,1.11,0.57,0.88,0.98,1.08,1.18,1.37,2.38
Fayette,County,WV,1.09,0.93,1.03,1.05,1.09,1.12,1.16,1.29,1.10,0.88,1.02,1.06,1.09,1.13,1.20,1.30,1.10,0.85,1.00,1.06,1.09,1.13,1.20,1.40,1.10,0.80,0.97,1.05,1.10,1.14,1.22,1.61,1.10,0.72,0.95,1.04,1.09,1.15,1.23,1.84,1.10,0.50,0.92,1.02,1.08,1.16,1.25,2.07
Floyd,County,VA,1.14,0.94,1.02,1.08,1.13,1.21,1.24,1.40,1.13,0.88,1.03,1.06,1.14,1.20,1.27,1.40,1.13,0.84,1.01,1.06,1.14,1.20,1.29,1.41,1.13,0.78,0.98,1.06,1.12,1.21,1.32,1.71,1.14,0.74,0.96,1.04,1.12,1.23,1.34,2.23,1.14,0.70,0.92,1.02,1.12,1.25,1.36,3.23
Fluvanna,County,VA,1.12,0.88,1.03,1.06,1.11,1.16,1.25,1.39,1.13,0.81,1.01,1.04,1.11,1.20,1.32,1.60,1.14,0.74,0.99,1.04,1.11,1.21,1.35,1.91,1.16,0.65,0.95,1.01,1.13,1.24,1.43,2.55,1.17,0.60,0.90,1.00,1.14,1.28,1.51,3.13,1.19,0.54,0.84,0.99,1.15,1.32,1.58,3.58
Forest,County,PA,1.12,0.95,1.04,1.07,1.11,1.17,1.20,1.27,1.12,0.95,1.00,1.05,1.11,1.17,1.25,1.33,1.12,0.91,0.99,1.04,1.12,1.17,1.25,1.42,1.12,0.79,0.97,1.04,1.12,1.19,1.29,1.73,1.13,0.71,0.94,1.03,1.12,1.21,1.32,2.06,1.14,0.66,0.92,1.02,1.14,1.25,1.37,2.18
Franklin,County,PA,1.13,1.01,1.05,1.08,1.12,1.16,1.21,1.30,1.13,0.97,1.04,1.07,1.12,1.18,1.26,1.52,1.14,0.91,1.02,1.07,1.11,1.19,1.29,1.81,1.15,0.79,1.00,1.06,1.11,1.21,1.33,2.42,1.16,0.71,0.98,1.05,1.12,1.22,1.37,3.11,1.17,0.51,0.95,1.02,1.12,1.22,1.42,4.16
Franklin,County,VA,1.13,0.92,1.00,1.06,1.13,1.19,1.26,1.36,1.14,0.86,1.02,1.07,1.15,1.21,1.28,1.43,1.15,0.84,1.01,1.07,1.15,1.23,1.29,1.44,1.17,0.80,1.01,1.07,1.15,1.25,1.32,1.61,1.18,0.79,1.01,1.05,1.17,1.28,1.39,1.90,1.19,0.74,0.99,1.04,1.18,1.31,1.44,2.62
Franklin,City,VA,1.10,0.83,1.01,1.05,1.11,1.15,1.21,1.34,1.11,0.73,0.99,1.06,1.10,1.18,1.23,1.36,1.11,0.71,0.96,1.04,1.10,1.21,1.26,1.44,1.12,0.68,0.91,1.02,1.12,1.23,1.30,1.73,1.12,0.64,0.88,0.99,1.13,1.25,1.34,1.99,1.13,0.48,0.86,0.96,1.13,1.29,1.40,2.26
Frederick,County,MD,1.13,0.99,1.04,1.08,1.12,1.18,1.24,1.34,1.13,0.92,1.01,1.06,1.11,1.18,1.27,1.57,1.13,0.86,1.00,1.05,1.11,1.19,1.29,1.85,1.13,0.80,0.96,1.03,1.10,1.19,1.32,2.37,1.13,0.77,0.93,1.01,1.09,1.19,1.33,2.86,1.13,0.65,0.89,0.99,1.08,1.21,1.39,3.44
Frederick,County,VA,1.14,0.91,1.05,1.09,1.14,1.19,1.24,1.39,1.15,0.91,1.03,1.08,1.13,1.20,1.30,1.48,1.15,0.92,1.02,1.08,1.13,1.19,1.33,1.54,1.14,0.83,0.99,1.06,1.12,1.19,1.34,1.65,1.14,0.70,0.95,1.03,1.11,1.20,1.35,1.91,1.14,0.57,0.90,1.00,1.10,1.21,1.46,2.16
Fredericksburg,City,VA,1.10,0.94,1.00,1.04,1.09,1.15,1.19,1.31,1.11,0.91,0.97,1.04,1.11,1.17,1.23,1.44,1.12,0.78,0.96,1.03,1.13,1.19,1.28,1.59,1.13,0.63,0.94,1.00,1.13,1.23,1.36,2.16,1.14,0.53,0.89,0.99,1.12,1.25,1.41,2.84,1.16,0.44,0.87,0.99,1.12,1.27,1.48,3.17
Fulton,County,PA,1.14,0.99,1.04,1.11,1.14,1.18,1.23,1.33,1.15,0.99,1.04,1.10,1.15,1.21,1.26,1.53,1.16,0.94,1.05,1.09,1.15,1.22,1.29,1.70,1.17,0.86,1.02,1.08,1.15,1.25,1.38,1.99,1.18,0.79,0.99,1.06,1.16,1.26,1.39,2.47,1.20,0.70,0.95,1.04,1.16,1.28,1.44,3.30
Galax,City,VA,1.12,0.87,1.01,1.07,1.13,1.18,1.23,1.33,1.11,0.83,0.97,1.04,1.13,1.18,1.23,1.31,1.10,0.82,0.95,1.02,1.13,1.18,1.25,1.40,1.10,0.71,0.92,1.00,1.11,1.20,1.27,2.13,1.10,0.65,0.89,0.99,1.10,1.20,1.28,3.23,1.11,0.49,0.86,0.99,1.10,1.21,1.33,3.71
Garrett,County,MD,1.09,0.98,1.03,1.05,1.08,1.12,1.17,1.32,1.09,0.94,1.02,1.05,1.08,1.12,1.21,1.35,1.09,0.91,1.01,1.04,1.08,1.12,1.22,1.61,1.10,0.69,0.98,1.03,1.07,1.13,1.26,2.17,1.10,0.49,0.94,1.01,1.07,1.15,1.29,2.80,1.11,0.45,0.91,0.99,1.07,1.17,1.31,3.53
Giles,County,VA,1.12,0.97,1.04,1.07,1.11,1.15,1.22,1.33,1.13,0.95,1.04,1.08,1.12,1.17,1.23,1.37,1.13,0.94,1.03,1.07,1.14,1.18,1.23,1.38,1.14,0.84,1.00,1.07,1.14,1.19,1.26,1.47,1.14,0.71,0.98,1.06,1.14,1.21,1.28,1.73,1.15,0.47,0.97,1.05,1.14,1.23,1.33,1.95
Gilmer,County,WV,1.11,1.00,1.03,1.07,1.12,1.15,1.18,1.25,1.11,0.96,1.02,1.07,1.11,1.16,1.18,1.28,1.11,0.91,1.00,1.06,1.11,1.16,1.20,1.47,1.10,0.76,0.96,1.03,1.10,1.15,1.24,1.91,1.09,0.61,0.92,1.00,1.09,1.16,1.26,2.44,1.09,0.50,0.87,0.96,1.07,1.15,1.31,3.06
Gloucester,County,NJ,1.12,0.97,1.04,1.06,1.12,1.17,1.21,1.34,1.12,0.94,1.04,1.07,1.11,1.17,1.22,1.35,1.12,0.91,1.04,1.07,1.11,1.17,1.22,1.42,1.12,0.83,1.01,1.07,1.11,1.19,1.24,1.86,1.12,0.71,0.96,1.07,1.11,1.20,1.27,2.52,1.12,0.46,0.91,1.04,1.12,1.21,1.30,2.00
Gloucester,County,VA,1.09,0.94,1.03,1.04,1.09,1.13,1.18,1.24,1.09,0.92,1.00,1.03,1.10,1.14,1.19,1.28,1.09,0.89,0.98,1.02,1.09,1.15,1.22,1.49,1.09,0.78,0.96,1.00,1.08,1.17,1.24,1.89,1.10,0.70,0.94,0.99,1.08,1.18,1.29,2.31,1.11,0.59,0.92,0.97,1.08,1.20,1.33,2.66
Goochland,County,VA,1.10,0.88,1.01,1.05,1.09,1.16,1.23,1.32,1.11,0.80,0.98,1.02,1.10,1.19,1.28,1.47,1.12,0.74,0.95,1.01,1.12,1.20,1.33,1.71,1.14,0.66,0.91,0.98,1.14,1.25,1.37,2.09,1.16,0.61,0.86,0.96,1.15,1.28,1.43,2.44,1.17,0.55,0.81,0.95,1.15,1.32,1.53,3.36
Grant,County,WV,1.09,0.99,1.01,1.04,1.08,1.14,1.19,1.26,1.10,0.96,1.01,1.04,1.08,1.14,1.23,1.40,1.11,0.94,1.01,1.04,1.08,1.14,1.25,1.61,1.12,0.82,1.01,1.02,1.08,1.17,1.29,2.04,1.13,0.70,0.98,1.02,1.08,1.19,1.32,2.52,1.14,0.73,0.96,1.01,1.09,1.20,1.37,3.04
Grayson,County,VA,1.12,0.95,1.04,1.09,1.11,1.16,1.21,1.34,1.12,0.95,1.02,1.08,1.12,1.16,1.21,1.41,1.12,0.93,1.01,1.07,1.12,1.16,1.23,1.40,1.11,0.90,0.99,1.05,1.11,1.17,1.24,1.61,1.11,0.74,0.99,1.04,1.10,1.18,1.26,2.04,1.11,0.74,0.96,1.02,1.10,1.19,1.28,2.03
Greenbrier,County,WV,1.11,0.97,1.05,1.06,1.12,1.13,1.18,1.25,1.12,0.97,1.02,1.07,1.12,1.16,1.20,1.30,1.13,0.93,1.05,1.08,1.12,1.17,1.22,1.36,1.13,0.80,1.04,1.08,1.13,1.19,1.26,1.58,1.14,0.70,0.99,1.08,1.13,1.20,1.28,1.82,1.15,0.69,0.94,1.06,1.14,1.23,1.33,2.19
Greene,County,NY,1.15,0.93,1.03,1.09,1.15,1.21,1.24,1.37,1.16,0.91,1.04,1.08,1.17,1.23,1.28,1.43,1.17,0.89,1.02,1.08,1.19,1.24,1.31,1.45,1.18,0.80,1.00,1.08,1.19,1.27,1.36,1.70,1.19,0.66,0.97,1.08,1.19,1.29,1.38,2.00,1.20,0.51,0.94,1.08,1.20,1.30,1.42,2.27
Greene,County,PA,1.12,1.01,1.05,1.07,1.11,1.15,1.21,1.31,1.12,0.98,1.04,1.07,1.10,1.16,1.21,1.30,1.11,0.89,1.02,1.06,1.11,1.17,1.21,1.47,1.11,0.75,0.98,1.04,1.12,1.18,1.22,1.90,1.11,0.65,0.96,1.03,1.11,1.19,1.26,2.43,1.12,0.37,0.93,1.01,1.09,1.22,1.31,2.99
Greene,County,VA,1.13,0.90,1.03,1.07,1.12,1.19,1.23,1.37,1.13,0.81,0.99,1.06,1.12,1.21,1.29,1.55,1.13,0.73,0.97,1.04,1.12,1.22,1.30,1.65,1.14,0.63,0.95,1.03,1.13,1.24,1.35,1.85,1.14,0.51,0.94,1.01,1.13,1.24,1.39,2.06,1.15,0.47,0.91,0.99,1.14,1.27,1.44,3.09
Greensville,County,VA,1.08,0.93,1.00,1.04,1.07,1.13,1.16,1.26,1.08,0.92,0.97,1.03,1.08,1.13,1.18,1.28,1.08,0.85,0.95,1.01,1.09,1.15,1.21,1.42,1.09,0.74,0.93,0.98,1.09,1.18,1.26,1.80,1.10,0.66,0.92,0.96,1.09,1.20,1.31,2.22,1.12,0.56,0.89,0.95,1.11,1.24,1.38,2.64
Halifax,County,VA,1.12,0.96,1.00,1.07,1.13,1.16,1.22,1.26,1.13,0.93,1.03,1.07,1.13,1.18,1.22,1.35,1.13,0.90,1.03,1.08,1.14,1.20,1.26,1.42,1.15,0.86,1.00,1.07,1.14,1.23,1.30,1.53,1.16,0.73,0.97,1.07,1.15,1.27,1.36,1.70,1.18,0.50,0.96,1.06,1.18,1.30,1.42,2.00
Hampshire,County,WV,1.12,1.00,1.04,1.07,1.11,1.16,1.20,1.34,1.14,0.99,1.05,1.07,1.13,1.19,1.25,1.59,1.15,0.98,1.03,1.07,1.13,1.20,1.29,1.81,1.17,0.87,1.02,1.07,1.14,1.23,1.34,2.19,1.19,0.77,1.01,1.06,1.14,1.27,1.39,2.65,1.21,0.68,1.01,1.06,1.15,1.29,1.47,3.36
Hampton,City,VA,1.10,0.93,0.98,1.05,1.09,1.15,1.20,1.28,1.10,0.89,0.98,1.03,1.09,1.17,1.20,1.32,1.10,0.83,0.96,1.03,1.10,1.17,1.22,1.49,1.11,0.74,0.96,1.03,1.10,1.18,1.28,1.78,1.12,0.68,0.95,1.02,1.11,1.21,1.32,2.11,1.14,0.50,0.91,1.01,1.12,1.26,1.38,2.07
Hancock,County,WV,1.12,0.96,1.05,1.08,1.13,1.16,1.23,1.31,1.12,0.91,1.02,1.05,1.13,1.18,1.24,1.37,1.12,0.88,1.00,1.03,1.12,1.19,1.23,1.38,1.10,0.72,0.96,1.00,1.10,1.18,1.25,1.47,1.09,0.59,0.90,0.99,1.09,1.19,1.27,1.71,1.08,0.39,0.87,0.96,1.07,1.19,1.29,2.13
Hanover,County,VA,1.09,0.92,1.02,1.05,1.09,1.13,1.17,1.24,1.09,0.90,0.99,1.04,1.08,1.15,1.21,1.29,1.10,0.88,0.98,1.02,1.09,1.16,1.24,1.41,1.10,0.85,0.96,0.99,1.10,1.17,1.29,1.66,1.11,0.78,0.94,0.99,1.10,1.20,1.33,1.93,1.12,0.66,0.91,0.97,1.10,1.22,1.37,2.49
Hardy,County,WV,1.11,0.98,1.04,1.07,1.11,1.16,1.18,1.32,1.13,0.94,1.03,1.06,1.12,1.17,1.24,1.53,1.13,0.91,1.03,1.05,1.11,1.17,1.25,1.72,1.15,0.89,1.01,1.06,1.12,1.20,1.32,1.99,1.16,0.87,0.99,1.05,1.12,1.21,1.35,2.24,1.17,0.77,0.96,1.05,1.13,1.24,1.40,2.39
Harford,County,MD,1.11,0.99,1.03,1.06,1.11,1.14,1.20,1.28,1.11,0.90,1.00,1.06,1.11,1.15,1.22,1.40,1.11,0.82,0.98,1.05,1.11,1.17,1.24,1.52,1.11,0.69,0.94,1.03,1.10,1.18,1.32,1.84,1.12,0.59,0.90,1.03,1.10,1.19,1.40,2.42,1.13,0.50,0.86,1.00,1.09,1.20,1.49,3.00
Harrison,County,WV,1.09,0.95,1.03,1.04,1.09,1.12,1.17,1.33,1.09,0.87,1.02,1.04,1.08,1.11,1.20,1.34,1.09,0.82,1.00,1.03,1.07,1.13,1.21,1.34,1.08,0.75,0.97,1.03,1.06,1.15,1.22,1.39,1.08,0.71,0.94,1.02,1.06,1.17,1.24,1.55,1.08,0.62,0.90,0.99,1.06,1.17,1.28,1.86
Harrisonburg,City,VA,1.11,0.95,1.02,1.05,1.09,1.16,1.21,1.28,1.12,0.81,1.01,1.05,1.10,1.17,1.27,1.47,1.12,0.71,0.99,1.03,1.10,1.18,1.30,1.62,1.12,0.52,0.96,1.01,1.10,1.19,1.35,1.79,1.12,0.38,0.92,1.00,1.09,1.20,1.41,2.38,1.12,0.28,0.87,0.98,1.08,1.22,1.48,3.13
Henrico,County,VA,1.09,0.94,1.01,1.04,1.09,1.14,1.16,1.21,1.09,0.92,1.00,1.03,1.08,1.15,1.19,1.27,1.10,0.90,0.98,1.02,1.09,1.17,1.22,1.39,1.11,0.85,0.96,1.02,1.11,1.20,1.27,1.56,1.13,0.80,0.94,1.02,1.12,1.23,1.32,1.79,1.15,0.78,0.93,1.01,1.14,1.25,1.38,2.34
Henry,County,VA,1.12,0.90,1.02,1.06,1.12,1.18,1.23,1.33,1.14,0.86,1.01,1.08,1.14,1.22,1.29,1.42,1.16,0.83,1.01,1.08,1.15,1.25,1.35,1.49,1.18,0.79,1.00,1.09,1.16,1.30,1.41,1.76,1.21,0.77,0.99,1.08,1.18,1.34,1.47,2.21,1.23,0.62,0.97,1.08,1.20,1.38,1.54,3.11
Herkimer,County,NY,1.05,0.93,0.99,1.02,1.05,1.08,1.13,1.21,1.05,0.85,0.97,1.01,1.05,1.09,1.12,1.22,1.05,0.79,0.96,1.01,1.05,1.10,1.14,1.25,1.06,0.68,0.92,1.00,1.05,1.12,1.20,1.34,1.06,0.60,0.91,0.99,1.05,1.14,1.23,1.53,1.07,0.62,0.92,0.98,1.05,1.17,1.26,1.76
Highland,County,VA,1.12,0.99,1.04,1.07,1.12,1.17,1.19,1.27,1.13,0.98,1.04,1.06,1.12,1.18,1.23,1.35,1.13,0.94,1.02,1.05,1.11,1.19,1.26,1.48,1.13,0.84,0.99,1.03,1.11,1.21,1.31,1.87,1.13,0.72,0.96,1.01,1.12,1.23,1.35,2.31,1.15,0.62,0.92,1.01,1.12,1.24,1.40,2.86
Hopewell,City,VA,1.07,0.81,0.94,1.00,1.08,1.15,1.19,1.33,1.07,0.79,0.93,0.99,1.06,1.13,1.23,1.53,1.08,0.80,0.94,0.98,1.07,1.13,1.25,1.62,1.09,0.73,0.95,0.98,1.07,1.16,1.29,1.76,1.11,0.58,0.94,0.99,1.07,1.19,1.32,2.07,1.13,0.56,0.93,0.98,1.07,1.23,1.38,2.62
Howard,County,MD,1.11,0.96,1.03,1.05,1.10,1.17,1.20,1.26,1.11,0.91,1.02,1.06,1.10,1.17,1.23,1.38,1.12,0.88,0.99,1.06,1.10,1.17,1.26,1.59,1.13,0.82,0.96,1.03,1.11,1.21,1.30,2.10,1.14,0.70,0.93,1.01,1.13,1.25,1.33,2.60,1.16,0.67,0.89,0.97,1.14,1.29,1.42,3.03
Hunterdon,County,NJ,1.11,0.93,1.02,1.06,1.10,1.16,1.22,1.35,1.12,0.86,1.00,1.05,1.10,1.19,1.27,1.40,1.13,0.76,1.00,1.04,1.11,1.20,1.30,1.42,1.14,0.62,0.98,1.03,1.12,1.23,1.36,1.60,1.15,0.52,0.96,1.03,1.13,1.29,1.40,1.87,1.17,0.40,0.93,1.01,1.13,1.34,1.45,6.62
Huntingdon,County,PA,1.13,1.02,1.06,1.10,1.13,1.16,1.20,1.25,1.14,0.96,1.04,1.09,1.13,1.19,1.23,1.46,1.15,0.90,1.02,1.07,1.15,1.21,1.25,1.76,1.16,0.82,0.99,1.06,1.17,1.23,1.31,2.43,1.17,0.73,0.96,1.05,1.18,1.25,1.36,3.16,1.19,0.65,0.93,1.04,1.18,1.27,1.42,3.68
Indiana,County,PA,1.08,0.94,1.00,1.05,1.08,1.12,1.15,1.23,1.09,0.89,1.00,1.03,1.09,1.14,1.16,1.34,1.10,0.86,0.99,1.03,1.10,1.16,1.20,1.44,1.11,0.76,0.98,1.04,1.11,1.18,1.27,1.66,1.13,0.67,0.96,1.03,1.12,1.22,1.32,2.05,1.16,0.57,0.95,1.02,1.14,1.27,1.39,3.26
Isle of Wight,County,VA,1.11,0.90,0.99,1.06,1.11,1.16,1.20,1.27,1.11,0.82,0.97,1.06,1.12,1.18,1.23,1.29,1.11,0.76,0.96,1.05,1.12,1.19,1.25,1.38,1.12,0.70,0.95,1.03,1.13,1.22,1.28,1.54,1.13,0.68,0.92,1.02,1.14,1.24,1.31,1.72,1.14,0.54,0.87,1.00,1.14,1.27,1.38,1.94
Jackson,County,WV,1.10,0.97,1.03,1.05,1.11,1.15,1.17,1.21,1.11,0.97,1.01,1.05,1.12,1.17,1.20,1.27,1.12,0.92,1.00,1.06,1.12,1.18,1.22,1.50,1.13,0.85,0.98,1.06,1.13,1.20,1.25,2.13,1.14,0.73,0.97,1.06,1.14,1.23,1.30,2.91,1.15,0.76,0.96,1.06,1.15,1.26,1.35,2.18
James City,County,VA,1.09,0.93,1.01,1.04,1.07,1.14,1.18,1.27,1.08,0.90,0.97,1.02,1.08,1.13,1.20,1.34,1.08,0.86,0.96,1.00,1.08,1.15,1.21,1.61,1.08,0.76,0.92,0.98,1.06,1.18,1.26,2.14,1.09,0.70,0.89,0.95,1.06,1.19,1.32,2.73,1.09,0.51,0.86,0.93,1.05,1.19,1.36,3.57
Jefferson,County,PA,1.10,0.96,1.02,1.07,1.10,1.14,1.17,1.24,1.11,0.91,1.01,1.06,1.12,1.16,1.18,1.30,1.11,0.87,1.00,1.05,1.12,1.17,1.20,1.36,1.12,0.78,1.00,1.05,1.12,1.20,1.26,1.65,1.14,0.69,0.98,1.05,1.12,1.22,1.30,1.95,1.15,0.70,0.93,1.03,1.14,1.26,1.36,2.60
Jefferson,County,WV,1.14,0.97,1.03,1.09,1.14,1.18,1.25,1.32,1.13,0.94,1.01,1.07,1.12,1.20,1.25,1.45,1.13,0.90,1.00,1.05,1.12,1.19,1.26,1.61,1.11,0.84,0.97,1.01,1.10,1.18,1.26,1.95,1.10,0.76,0.95,0.99,1.07,1.18,1.25,2.30,1.09,0.61,0.91,0.97,1.05,1.17,1.25,2.51
Juniata,County,PA,1.14,0.96,1.07,1.10,1.12,1.18,1.22,1.34,1.14,0.94,1.06,1.09,1.13,1.19,1.27,1.53,1.15,0.93,1.05,1.08,1.12,1.20,1.28,1.72,1.15,0.89,1.01,1.06,1.13,1.20,1.30,2.08,1.16,0.83,0.98,1.03,1.14,1.21,1.34,2.46,1.17,0.72,0.94,1.02,1.14,1.24,1.40,3.12
Kanawha,County,WV,1.08,0.95,0.99,1.04,1.08,1.13,1.15,1.21,1.07,0.93,0.98,1.04,1.07,1.12,1.15,1.19,1.07,0.91,0.98,1.02,1.06,1.11,1.14,1.21,1.06,0.80,0.96,1.01,1.06,1.12,1.17,1.43,1.06,0.73,0.94,1.00,1.06,1.13,1.18,1.70,1.07,0.40,0.92,0.99,1.06,1.15,1.21,2.06
Kent,County,DE,1.10,0.96,1.03,1.05,1.11,1.14,1.18,1.25,1.10,0.97,1.01,1.05,1.10,1.15,1.19,1.38,1.10,0.90,0.99,1.03,1.10,1.15,1.20,1.48,1.10,0.80,0.97,1.02,1.09,1.17,1.24,1.68,1.10,0.73,0.93,0.99,1.09,1.19,1.27,2.07,1.10,0.65,0.89,0.97,1.09,1.21,1.32,2.44
Kent,County,MD,1.10,0.96,1.02,1.05,1.09,1.14,1.18,1.26,1.09,0.90,0.99,1.03,1.09,1.14,1.18,1.35,1.09,0.84,0.97,1.01,1.09,1.15,1.20,1.58,1.09,0.68,0.95,0.99,1.09,1.15,1.24,2.09,1.09,0.58,0.92,0.97,1.07,1.16,1.29,2.56,1.10,0.54,0.88,0.96,1.06,1.20,1.34,2.65
King George,County,VA,1.09,0.96,1.00,1.03,1.08,1.15,1.20,1.29,1.10,0.91,0.98,1.01,1.08,1.17,1.23,1.35,1.10,0.85,0.96,0.99,1.09,1.19,1.28,1.45,1.12,0.60,0.94,0.98,1.11,1.23,1.36,2.02,1.13,0.46,0.91,0.96,1.11,1.26,1.43,2.67,1.16,0.59,0.89,0.96,1.12,1.28,1.50,3.04
King William,County,VA,1.08,0.95,1.02,1.04,1.07,1.12,1.16,1.21,1.08,0.94,0.98,1.03,1.08,1.13,1.19,1.30,1.09,0.89,0.97,1.02,1.08,1.15,1.21,1.39,1.10,0.80,0.96,1.00,1.09,1.19,1.26,1.62,1.11,0.75,0.95,1.00,1.08,1.22,1.30,1.86,1.13,0.69,0.94,0.99,1.09,1.25,1.36,2.18
King and Queen,County,VA,1.08,0.94,1.00,1.05,1.08,1.12,1.18,1.22,1.08,0.91,0.99,1.02,1.10,1.13,1.18,1.27,1.08,0.89,0.97,1.00,1.10,1.14,1.19,1.42,1.09,0.82,0.94,0.99,1.10,1.16,1.23,1.72,1.09,0.77,0.92,0.98,1.09,1.18,1.27,2.04,1.10,0.68,0.89,0.95,1.09,1.21,1.31,2.29
Lackawanna,County,PA,1.11,0.95,1.00,1.06,1.12,1.17,1.21,1.39,1.13,0.88,0.98,1.05,1.13,1.20,1.25,1.69,1.14,0.84,0.97,1.05,1.14,1.23,1.27,2.05,1.16,0.77,0.96,1.07,1.15,1.26,1.32,2.80,1.18,0.72,0.95,1.06,1.16,1.28,1.35,3.66,1.20,0.66,0.94,1.07,1.18,1.30,1.42,4.04
Lancaster,County,PA,1.12,0.98,1.04,1.06,1.11,1.16,1.22,1.27,1.13,0.96,1.01,1.06,1.12,1.19,1.26,1.47,1.14,0.89,0.99,1.05,1.14,1.21,1.30,1.67,1.16,0.81,0.96,1.04,1.13,1.25,1.35,2.05,1.17,0.76,0.94,1.02,1.13,1.29,1.40,2.45,1.19,0.66,0.90,1.01,1.13,1.32,1.49,3.21
Lancaster,County,VA,1.09,0.95,1.00,1.04,1.10,1.13,1.18,1.28,1.09,0.88,0.98,1.01,1.09,1.15,1.19,1.35,1.09,0.83,0.96,1.00,1.10,1.15,1.18,1.54,1.09,0.81,0.94,1.00,1.09,1.15,1.21,1.83,1.10,0.77,0.92,1.00,1.09,1.17,1.24,2.03,1.11,0.63,0.90,0.99,1.08,1.17,1.30,2.79
Lawrence,County,PA,1.10,0.93,1.03,1.06,1.10,1.15,1.18,1.28,1.10,0.93,1.01,1.06,1.09,1.16,1.19,1.29,1.11,0.85,1.00,1.05,1.10,1.16,1.23,1.38,1.11,0.70,0.97,1.02,1.11,1.18,1.28,1.84,1.12,0.59,0.92,1.01,1.11,1.22,1.35,2.36,1.14,0.51,0.88,0.98,1.12,1.28,1.44,2.83
Lebanon,County,PA,1.11,0.96,1.02,1.06,1.10,1.16,1.19,1.32,1.12,0.91,1.01,1.05,1.10,1.18,1.24,1.50,1.13,0.87,0.99,1.05,1.11,1.20,1.27,1.83,1.15,0.81,0.96,1.06,1.12,1.24,1.33,2.53,1.17,0.70,0.92,1.06,1.13,1.28,1.41,3.28,1.19,0.58,0.88,1.03,1.13,1.34,1.49,4.02
Lee,County,VA,1.11,1.00,1.04,1.08,1.12,1.15,1.18,1.25,1.13,0.97,1.05,1.09,1.12,1.17,1.22,1.33,1.14,0.93,1.05,1.09,1.13,1.19,1.25,1.47,1.15,0.79,1.02,1.08,1.16,1.21,1.27,1.73,1.17,0.63,1.00,1.08,1.18,1.24,1.32,2.05,1.19,0.57,0.98,1.08,1.19,1.27,1.39,2.47
Lehigh,County,PA,1.12,0.97,1.01,1.06,1.13,1.17,1.22,1.31,1.13,0.94,0.99,1.05,1.14,1.20,1.26,1.38,1.14,0.93,0.98,1.05,1.13,1.21,1.30,1.42,1.15,0.80,0.96,1.03,1.12,1.26,1.35,1.65,1.16,0.70,0.95,1.02,1.13,1.27,1.41,2.21,1.17,0.64,0.93,1.01,1.14,1.30,1.44,6.30
Lewis,County,WV,1.08,0.98,1.02,1.05,1.08,1.11,1.15,1.26,1.09,0.96,1.00,1.06,1.08,1.11,1.15,1.24,1.09,0.92,0.99,1.05,1.08,1.14,1.17,1.26,1.09,0.84,0.98,1.03,1.09,1.15,1.19,1.45,1.09,0.78,0.96,1.02,1.10,1.16,1.22,1.67,1.09,0.72,0.93,1.00,1.10,1.18,1.25,2.59
Lexington,City,VA,1.12,0.92,1.03,1.05,1.10,1.18,1.24,1.30,1.11,0.91,1.01,1.03,1.09,1.19,1.25,1.33,1.11,0.87,0.98,1.03,1.09,1.19,1.26,1.39,1.11,0.70,0.95,1.01,1.09,1.20,1.29,1.73,1.11,0.59,0.92,0.99,1.10,1.22,1.33,2.29,1.13,0.52,0.88,0.98,1.10,1.23,1.40,4.31
Lincoln,County,WV,1.09,0.96,1.02,1.05,1.09,1.13,1.16,1.22,1.09,0.97,1.02,1.05,1.10,1.14,1.16,1.27,1.10,0.90,1.02,1.04,1.09,1.15,1.18,1.33,1.11,0.75,1.00,1.03,1.10,1.17,1.23,1.54,1.12,0.61,0.97,1.03,1.11,1.19,1.30,1.80,1.14,0.41,0.93,1.02,1.12,1.23,1.37,2.36
Livingston,County,NY,1.11,0.86,1.01,1.06,1.11,1.15,1.18,1.41,1.10,0.84,0.99,1.05,1.10,1.15,1.20,1.48,1.10,0.83,0.97,1.04,1.10,1.16,1.21,1.53,1.11,0.74,0.95,1.03,1.10,1.17,1.28,1.63,1.11,0.67,0.91,1.02,1.10,1.18,1.30,1.91,1.13,0.64,0.87,1.02,1.11,1.20,1.37,2.35
Logan,County,WV,1.09,0.98,1.03,1.06,1.09,1.12,1.16,1.24,1.10,0.94,1.02,1.07,1.10,1.14,1.18,1.31,1.11,0.90,1.02,1.06,1.11,1.15,1.19,1.41,1.12,0.78,1.01,1.06,1.12,1.18,1.22,1.61,1.13,0.65,0.98,1.06,1.12,1.20,1.27,1.84,1.15,0.65,0.96,1.04,1.12,1.22,1.34,2.48
Loudoun,County,VA,1.12,0.98,1.04,1.07,1.12,1.17,1.20,1.28,1.13,0.97,1.02,1.06,1.11,1.18,1.25,1.33,1.13,0.93,1.00,1.05,1.11,1.19,1.28,1.50,1.13,0.87,0.98,1.04,1.09,1.21,1.33,1.81,1.13,0.80,0.96,1.02,1.09,1.22,1.35,2.13,1.13,0.71,0.92,0.99,1.09,1.22,1.36,2.51
Louisa,County,VA,1.11,0.94,1.03,1.05,1.10,1.16,1.23,1.31,1.12,0.86,0.99,1.05,1.11,1.17,1.28,1.48,1.13,0.80,0.98,1.05,1.12,1.18,1.29,1.67,1.14,0.69,0.95,1.02,1.13,1.21,1.35,2.08,1.15,0.62,0.92,0.99,1.13,1.25,1.41,2.51,1.16,0.58,0.88,0.98,1.13,1.29,1.51,3.10
Lunenburg,County,VA,1.11,0.97,1.01,1.06,1.10,1.15,1.23,1.35,1.12,0.93,1.00,1.04,1.11,1.17,1.25,1.43,1.12,0.89,0.99,1.03,1.12,1.18,1.27,1.49,1.12,0.83,0.95,1.01,1.12,1.22,1.31,1.58,1.13,0.74,0.92,0.99,1.13,1.25,1.34,1.66,1.14,0.66,0.88,0.97,1.12,1.30,1.40,2.19
Luzerne,County,PA,1.11,0.93,1.01,1.08,1.10,1.15,1.18,1.34,1.12,0.88,0.99,1.07,1.12,1.17,1.20,1.54,1.13,0.83,0.98,1.06,1.14,1.18,1.22,1.76,1.15,0.77,0.97,1.06,1.15,1.21,1.27,2.18,1.16,0.73,0.96,1.07,1.17,1.23,1.32,2.63,1.19,0.68,0.93,1.07,1.19,1.26,1.37,3.34
Lycoming,County,PA,1.10,0.97,1.04,1.07,1.10,1.14,1.17,1.22,1.10,0.94,1.03,1.06,1.10,1.15,1.18,1.38,1.11,0.90,1.02,1.05,1.10,1.17,1.20,1.58,1.12,0.81,1.01,1.05,1.11,1.18,1.23,1.99,1.14,0.75,0.98,1.05,1.12,1.21,1.29,2.44,1.16,0.66,0.95,1.03,1.13,1.24,1.38,3.28
Lynchburg,City,VA,1.11,0.96,1.01,1.07,1.10,1.17,1.19,1.29,1.12,0.95,1.02,1.06,1.12,1.18,1.22,1.34,1.13,0.95,1.03,1.08,1.12,1.19,1.23,1.39,1.15,0.90,1.02,1.08,1.14,1.21,1.28,1.62,1.17,0.75,1.01,1.07,1.15,1.24,1.36,1.91,1.19,0.67,0.99,1.06,1.17,1.28,1.41,2.55
Madison,County,NY,1.09,0.96,1.01,1.05,1.09,1.13,1.17,1.25,1.09,0.92,1.00,1.05,1.08,1.13,1.17,1.29,1.09,0.89,0.98,1.03,1.08,1.15,1.20,1.32,1.09,0.81,0.94,1.02,1.07,1.16,1.25,1.43,1.09,0.70,0.93,0.99,1.08,1.18,1.30,1.60,1.10,0.52,0.89,0.97,1.08,1.21,1.35,2.34
Madison,County,VA,1.12,0.92,1.02,1.06,1.11,1.18,1.22,1.38,1.12,0.84,0.99,1.05,1.11,1.18,1.24,1.67,1.13,0.77,0.97,1.05,1.12,1.18,1.26,1.94,1.14,0.65,0.95,1.04,1.12,1.22,1.33,2.48,1.15,0.57,0.93,1.02,1.11,1.25,1.39,3.06,1.16,0.54,0.91,1.00,1.11,1.27,1.46,3.45
Manassas,City,VA,1.07,0.93,0.98,1.04,1.07,1.11,1.17,1.24,1.07,0.89,0.96,1.02,1.07,1.11,1.19,1.30,1.08,0.88,0.96,1.01,1.07,1.12,1.21,1.66,1.09,0.79,0.96,1.02,1.08,1.15,1.22,2.50,1.11,0.72,0.96,1.03,1.09,1.18,1.26,3.53,1.14,0.60,0.96,1.02,1.11,1.21,1.32,4.49
Manassas Park,City,VA,1.07,0.90,0.98,1.04,1.07,1.10,1.18,1.27,1.07,0.85,0.97,1.02,1.07,1.11,1.20,1.33,1.07,0.83,0.96,1.01,1.06,1.11,1.22,1.75,1.09,0.74,0.95,1.01,1.07,1.14,1.23,2.64,1.10,0.64,0.94,1.01,1.08,1.17,1.26,3.67,1.13,0.54,0.92,1.03,1.11,1.20,1.31,4.07
Marion,County,WV,1.09,0.96,1.01,1.04,1.08,1.13,1.18,1.33,1.08,0.92,0.98,1.03,1.07,1.12,1.18,1.32,1.08,0.87,0.97,1.02,1.07,1.11,1.21,1.36,1.07,0.76,0.96,1.01,1.06,1.12,1.21,1.61,1.08,0.68,0.94,1.00,1.06,1.14,1.22,1.93,1.08,0.60,0.90,0.99,1.05,1.16,1.24,2.65
Marshall,County,WV,1.11,1.01,1.05,1.07,1.10,1.15,1.19,1.22,1.11,0.97,1.04,1.07,1.11,1.15,1.18,1.27,1.11,0.90,1.03,1.06,1.12,1.15,1.18,1.40,1.11,0.72,0.97,1.05,1.12,1.17,1.21,1.78,1.12,0.53,0.94,1.02,1.11,1.19,1.27,2.21,1.12,0.42,0.88,0.98,1.12,1.23,1.36,2.70
Martinsville,City,VA,1.12,0.91,1.02,1.06,1.12,1.17,1.24,1.37,1.15,0.85,1.00,1.08,1.15,1.23,1.33,1.48,1.17,0.83,0.98,1.09,1.15,1.28,1.39,1.55,1.20,0.82,0.96,1.09,1.18,1.34,1.45,1.79,1.22,0.74,0.95,1.07,1.19,1.38,1.49,2.34,1.24,0.59,0.92,1.07,1.21,1.43,1.56,3.44
Mason,County,WV,1.11,0.95,1.02,1.06,1.12,1.16,1.20,1.23,1.12,0.92,1.02,1.07,1.12,1.17,1.23,1.29,1.13,0.90,1.02,1.07,1.13,1.20,1.25,1.43,1.14,0.85,1.01,1.08,1.14,1.23,1.28,1.78,1.15,0.81,0.98,1.07,1.15,1.25,1.32,2.19,1.16,0.66,0.95,1.06,1.16,1.26,1.38,2.60
Mathews,County,VA,1.10,0.93,1.01,1.05,1.09,1.15,1.19,1.28,1.11,0.90,0.97,1.04,1.12,1.16,1.21,1.35,1.11,0.85,0.96,1.03,1.12,1.17,1.22,1.45,1.12,0.80,0.96,1.02,1.12,1.19,1.27,1.75,1.13,0.71,0.96,1.02,1.13,1.21,1.32,2.08,1.13,0.65,0.94,1.01,1.13,1.24,1.32,1.99
McDowell,County,WV,1.11,0.98,1.05,1.07,1.11,1.15,1.19,1.29,1.11,0.98,1.03,1.06,1.11,1.15,1.21,1.33,1.11,0.95,1.03,1.05,1.11,1.15,1.22,1.38,1.12,0.87,1.01,1.04,1.10,1.15,1.26,1.49,1.12,0.74,1.00,1.04,1.09,1.16,1.30,1.60,1.11,0.51,0.96,1.03,1.09,1.17,1.34,1.69
McKean,County,PA,1.11,0.96,1.02,1.07,1.11,1.15,1.19,1.23,1.11,0.89,0.99,1.06,1.12,1.15,1.19,1.29,1.10,0.81,0.98,1.05,1.11,1.15,1.21,1.35,1.10,0.68,0.96,1.03,1.11,1.16,1.22,1.59,1.10,0.57,0.94,1.02,1.11,1.17,1.27,1.68,1.11,0.49,0.92,1.01,1.12,1.20,1.32,2.24
Mecklenburg,County,VA,1.10,0.94,1.03,1.05,1.09,1.14,1.20,1.25,1.10,0.88,0.99,1.05,1.10,1.15,1.21,1.33,1.10,0.84,0.99,1.05,1.10,1.15,1.23,1.40,1.11,0.80,0.96,1.04,1.10,1.19,1.25,1.55,1.11,0.72,0.94,1.02,1.11,1.21,1.26,1.72,1.12,0.60,0.92,1.03,1.11,1.22,1.29,2.22
Mercer,County,NJ,1.09,0.96,1.00,1.05,1.09,1.14,1.17,1.35,1.08,0.94,0.98,1.03,1.07,1.13,1.17,1.44,1.08,0.87,0.98,1.01,1.07,1.13,1.20,1.55,1.09,0.71,0.93,0.99,1.06,1.16,1.26,1.69,1.10,0.58,0.91,0.98,1.06,1.19,1.35,1.99,1.11,0.55,0.87,0.94,1.05,1.23,1.46,3.96
Mercer,County,PA,1.12,0.94,1.04,1.08,1.12,1.16,1.22,1.30,1.12,0.94,1.02,1.06,1.12,1.18,1.24,1.32,1.12,0.93,1.01,1.05,1.12,1.19,1.26,1.37,1.13,0.86,0.98,1.03,1.14,1.21,1.27,1.63,1.14,0.79,0.97,1.03,1.14,1.21,1.29,2.01,1.15,0.64,0.96,1.02,1.14,1.23,1.37,2.73
Mercer,County,WV,1.11,0.98,1.04,1.07,1.10,1.15,1.20,1.30,1.12,0.95,1.04,1.08,1.11,1.14,1.20,1.33,1.12,0.93,1.05,1.08,1.12,1.16,1.21,1.34,1.13,0.86,1.04,1.08,1.13,1.18,1.25,1.44,1.14,0.74,1.01,1.07,1.14,1.21,1.27,1.60,1.14,0.52,0.98,1.06,1.13,1.23,1.31,1.79
Middlesex,County,VA,1.09,0.94,1.01,1.04,1.08,1.13,1.17,1.25,1.08,0.94,0.98,1.02,1.09,1.14,1.18,1.40,1.08,0.88,0.98,1.01,1.09,1.14,1.18,1.68,1.08,0.82,0.96,1.00,1.08,1.14,1.19,2.21,1.09,0.76,0.95,0.99,1.06,1.15,1.23,2.76,1.09,0.72,0.91,0.98,1.06,1.16,1.30,2.47
Mifflin,County,PA,1.14,0.99,1.05,1.10,1.14,1.18,1.21,1.26,1.15,0.96,1.05,1.09,1.15,1.20,1.24,1.46,1.15,0.92,1.03,1.08,1.15,1.22,1.26,1.72,1.16,0.82,0.98,1.06,1.16,1.23,1.32,2.27,1.16,0.70,0.95,1.03,1.15,1.25,1.38,2.91,1.17,0.56,0.90,0.99,1.13,1.28,1.44,4.23
Mineral,County,WV,1.11,0.99,1.03,1.06,1.10,1.15,1.19,1.33,1.12,0.99,1.02,1.06,1.11,1.16,1.25,1.53,1.13,0.96,1.01,1.08,1.11,1.17,1.26,1.81,1.15,0.89,1.00,1.07,1.12,1.18,1.29,2.52,1.17,0.84,1.00,1.06,1.13,1.22,1.34,3.36,1.20,0.73,0.99,1.05,1.14,1.26,1.42,4.40
Mingo,County,WV,1.10,0.97,1.04,1.07,1.10,1.13,1.16,1.25,1.11,0.95,1.05,1.07,1.10,1.14,1.19,1.27,1.11,0.93,1.03,1.07,1.11,1.15,1.21,1.31,1.13,0.86,1.01,1.07,1.12,1.20,1.26,1.43,1.14,0.82,0.99,1.06,1.13,1.22,1.30,1.64,1.16,0.69,0.98,1.04,1.14,1.26,1.35,2.07
Monmouth,County,NJ,1.11,0.94,1.02,1.04,1.10,1.15,1.22,1.38,1.10,0.91,1.00,1.03,1.09,1.16,1.20,1.48,1.10,0.90,0.98,1.01,1.09,1.16,1.23,1.50,1.10,0.79,0.95,0.99,1.09,1.16,1.26,1.75,1.10,0.64,0.92,0.97,1.09,1.19,1.29,2.16,1.10,0.48,0.88,0.94,1.08,1.22,1.36,2.30
Monongalia,County,WV,1.09,0.95,1.03,1.05,1.08,1.12,1.18,1.28,1.08,0.91,1.02,1.03,1.07,1.12,1.19,1.29,1.08,0.88,1.00,1.03,1.07,1.12,1.20,1.33,1.08,0.72,0.96,1.01,1.08,1.14,1.23,1.49,1.09,0.61,0.92,1.01,1.09,1.16,1.25,1.68,1.10,0.52,0.90,0.99,1.10,1.19,1.29,2.11
Monroe,County,PA,1.12,0.95,1.01,1.04,1.13,1.19,1.22,1.35,1.13,0.93,0.99,1.05,1.15,1.21,1.25,1.63,1.14,0.89,0.97,1.05,1.15,1.24,1.28,1.96,1.16,0.81,0.95,1.05,1.14,1.26,1.33,2.66,1.18,0.68,0.93,1.05,1.15,1.28,1.39,3.50,1.20,0.61,0.91,1.04,1.16,1.29,1.46,8.22
Monroe,County,WV,1.10,0.92,1.03,1.05,1.09,1.13,1.16,1.29,1.10,0.93,1.02,1.05,1.10,1.14,1.19,1.33,1.11,0.94,1.02,1.06,1.12,1.14,1.20,1.34,1.12,0.81,1.01,1.06,1.12,1.17,1.21,1.38,1.12,0.72,1.00,1.05,1.12,1.19,1.25,1.64,1.14,0.72,0.97,1.03,1.13,1.23,1.31,1.94
Montgomery,County,MD,1.10,0.98,1.02,1.05,1.09,1.14,1.20,1.26,1.10,0.97,1.02,1.04,1.09,1.15,1.20,1.41,1.10,0.96,1.01,1.03,1.08,1.16,1.21,1.72,1.12,0.89,0.99,1.02,1.09,1.17,1.26,2.36,1.13,0.85,0.97,1.02,1.10,1.19,1.30,3.05,1.15,0.64,0.94,1.02,1.11,1.22,1.35,3.61
Montgomery,County,NY,1.11,0.99,1.03,1.07,1.12,1.15,1.19,1.32,1.12,0.97,1.01,1.06,1.11,1.17,1.22,1.36,1.12,0.90,1.00,1.05,1.11,1.20,1.25,1.38,1.13,0.78,0.96,1.03,1.12,1.24,1.30,1.76,1.14,0.67,0.93,1.02,1.12,1.26,1.36,2.31,1.16,0.49,0.90,1.01,1.13,1.29,1.41,3.51
Montgomery,County,PA,1.11,0.95,1.00,1.06,1.10,1.16,1.21,1.29,1.11,0.95,1.01,1.05,1.09,1.18,1.25,1.40,1.12,0.96,1.01,1.04,1.09,1.19,1.28,1.58,1.13,0.86,1.01,1.03,1.08,1.20,1.31,1.85,1.14,0.76,0.99,1.04,1.08,1.21,1.34,2.06,1.15,0.46,0.96,1.03,1.09,1.23,1.40,2.80
Montgomery,County,VA,1.15,0.99,1.02,1.10,1.14,1.19,1.26,1.33,1.15,0.98,1.04,1.09,1.16,1.21,1.27,1.36,1.16,0.95,1.02,1.09,1.16,1.22,1.26,1.46,1.16,0.83,1.00,1.10,1.16,1.21,1.31,1.66,1.16,0.70,0.98,1.07,1.15,1.21,1.34,1.88,1.15,0.64,0.95,1.04,1.15,1.24,1.38,1.98
Montour,County,PA,1.12,0.96,1.04,1.08,1.13,1.16,1.20,1.38,1.14,0.91,1.03,1.07,1.14,1.19,1.26,1.71,1.16,0.83,1.02,1.06,1.15,1.21,1.30,2.09,1.18,0.70,1.00,1.04,1.16,1.25,1.37,2.69,1.19,0.62,0.97,1.04,1.16,1.27,1.40,3.23,1.21,0.55,0.94,1.04,1.18,1.33,1.44,3.76
Morgan,County,WV,1.14,1.02,1.05,1.09,1.14,1.18,1.25,1.35,1.15,0.99,1.05,1.07,1.14,1.20,1.28,1.51,1.16,0.95,1.03,1.07,1.13,1.22,1.32,1.63,1.16,0.85,0.99,1.06,1.13,1.23,1.39,1.88,1.17,0.75,0.95,1.04,1.13,1.24,1.44,2.36,1.17,0.61,0.91,1.01,1.13,1.26,1.52,3.14
Morris,County,NJ,1.13,0.93,1.02,1.05,1.11,1.22,1.25,1.48,1.15,0.93,1.01,1.06,1.11,1.26,1.31,1.63,1.16,0.84,0.99,1.05,1.11,1.27,1.36,1.72,1.17,0.71,0.97,1.03,1.13,1.31,1.40,1.80,1.18,0.63,0.94,1.01,1.15,1.35,1.44,1.88,1.20,0.56,0.91,1.00,1.16,1.38,1.49,2.93
Nassau,County,NY,1.11,0.93,1.02,1.07,1.12,1.16,1.19,1.26,1.11,0.90,1.01,1.06,1.11,1.18,1.22,1.28,1.11,0.85,0.99,1.05,1.11,1.19,1.24,1.39,1.12,0.69,0.97,1.04,1.10,1.20,1.29,1.52,1.12,0.58,0.93,1.03,1.10,1.23,1.32,1.62,1.13,0.43,0.88,1.01,1.13,1.24,1.35,2.39
Nelson,County,VA,1.13,0.89,1.05,1.07,1.11,1.20,1.27,1.39,1.15,0.76,1.01,1.06,1.13,1.23,1.34,1.62,1.16,0.67,0.97,1.05,1.14,1.25,1.39,1.77,1.17,0.55,0.91,1.05,1.15,1.27,1.42,2.00,1.18,0.48,0.87,1.05,1.16,1.30,1.45,2.18,1.19,0.47,0.84,1.04,1.16,1.32,1.47,2.39
New Castle,County,DE,1.13,0.98,1.04,1.07,1.11,1.19,1.21,1.50,1.14,0.95,1.03,1.06,1.11,1.21,1.25,1.54,1.14,0.91,1.00,1.05,1.12,1.23,1.26,1.55,1.14,0.82,0.98,1.05,1.12,1.23,1.29,1.81,1.14,0.75,0.95,1.03,1.12,1.22,1.32,2.12,1.14,0.64,0.91,1.01,1.13,1.22,1.35,2.43
New Kent,County,VA,1.09,0.96,1.02,1.05,1.08,1.12,1.16,1.20,1.09,0.94,0.99,1.02,1.09,1.14,1.17,1.27,1.09,0.88,0.98,1.02,1.09,1.16,1.19,1.41,1.09,0.78,0.97,1.01,1.08,1.18,1.23,1.72,1.10,0.70,0.96,0.99,1.07,1.21,1.27,2.05,1.12,0.60,0.95,0.99,1.08,1.24,1.31,2.57
New York,County,NY,1.11,0.91,1.03,1.06,1.10,1.17,1.20,1.31,1.11,0.88,1.00,1.06,1.10,1.16,1.24,1.54,1.11,0.81,0.96,1.04,1.10,1.17,1.26,1.72,1.10,0.69,0.93,1.01,1.07,1.18,1.29,1.86,1.09,0.54,0.89,0.97,1.05,1.17,1.32,2.06,1.08,0.40,0.84,0.94,1.03,1.20,1.38,3.40
Newport News,City,VA,1.11,0.94,1.00,1.05,1.10,1.15,1.21,1.30,1.10,0.88,0.97,1.05,1.11,1.16,1.21,1.32,1.10,0.80,0.97,1.04,1.11,1.16,1.23,1.47,1.10,0.72,0.98,1.02,1.11,1.17,1.26,1.86,1.10,0.63,0.93,1.01,1.11,1.19,1.29,2.33,1.10,0.52,0.89,0.99,1.11,1.22,1.33,1.94
Nicholas,County,WV,1.09,0.97,1.02,1.05,1.08,1.12,1.17,1.25,1.09,0.90,1.02,1.05,1.09,1.13,1.18,1.28,1.09,0.85,1.01,1.04,1.09,1.13,1.19,1.40,1.09,0.79,0.98,1.03,1.08,1.14,1.22,1.64,1.09,0.73,0.94,1.01,1.08,1.15,1.24,1.89,1.08,0.47,0.91,0.97,1.06,1.16,1.28,2.10
Norfolk,City,VA,1.10,0.93,1.00,1.03,1.09,1.14,1.20,1.38,1.11,0.87,0.99,1.03,1.10,1.18,1.26,1.63,1.13,0.83,0.97,1.03,1.10,1.21,1.30,1.85,1.14,0.67,0.94,1.01,1.11,1.26,1.36,2.36,1.16,0.55,0.90,1.00,1.12,1.30,1.40,2.79,1.17,0.48,0.85,0.99,1.12,1.33,1.48,3.26
Northampton,County,PA,1.11,0.97,1.01,1.05,1.11,1.16,1.21,1.30,1.12,0.94,1.00,1.04,1.12,1.18,1.25,1.40,1.13,0.94,0.99,1.05,1.11,1.20,1.29,1.75,1.14,0.81,0.97,1.04,1.12,1.23,1.34,2.56,1.15,0.69,0.94,1.02,1.12,1.27,1.40,3.53,1.17,0.55,0.91,1.00,1.11,1.31,1.47,22.36
Northampton,County,VA,1.11,0.97,1.03,1.06,1.11,1.15,1.22,1.30,1.11,0.91,1.00,1.05,1.11,1.17,1.23,1.29,1.11,0.88,0.97,1.04,1.11,1.17,1.23,1.37,1.11,0.82,0.96,1.04,1.12,1.17,1.23,1.56,1.12,0.70,0.93,1.02,1.11,1.19,1.25,1.86,1.13,0.72,0.93,1.01,1.13,1.23,1.31,2.08
Northumberland,County,PA,1.12,0.95,1.06,1.09,1.12,1.16,1.20,1.37,1.14,0.93,1.03,1.07,1.14,1.19,1.26,1.72,1.16,0.85,1.02,1.07,1.15,1.21,1.31,2.09,1.18,0.73,0.99,1.07,1.16,1.24,1.36,2.80,1.20,0.64,0.97,1.07,1.17,1.29,1.42,3.54,1.22,0.59,0.94,1.05,1.17,1.34,1.48,3.90
Northumberland,County,VA,1.09,0.93,0.99,1.04,1.09,1.14,1.19,1.29,1.09,0.87,0.96,1.02,1.10,1.17,1.22,1.36,1.10,0.79,0.93,1.02,1.11,1.18,1.25,1.58,1.10,0.71,0.91,1.00,1.10,1.19,1.27,1.95,1.11,0.67,0.90,1.00,1.10,1.19,1.31,2.26,1.12,0.66,0.88,0.98,1.09,1.19,1.38,3.01
Norton,City,VA,1.10,0.92,1.01,1.05,1.11,1.15,1.20,1.26,1.11,0.92,0.99,1.05,1.11,1.18,1.23,1.32,1.12,0.87,0.98,1.05,1.11,1.20,1.25,1.40,1.13,0.76,0.97,1.04,1.14,1.23,1.29,1.74,1.15,0.63,0.96,1.05,1.16,1.24,1.34,2.10,1.17,0.45,0.92,1.05,1.17,1.27,1.41,2.58
Nottoway,County,VA,1.10,0.93,0.99,1.04,1.09,1.14,1.26,1.35,1.10,0.90,0.98,1.03,1.09,1.15,1.25,1.47,1.11,0.85,0.96,1.02,1.10,1.17,1.27,1.59,1.12,0.73,0.94,1.01,1.11,1.20,1.30,2.19,1.13,0.63,0.92,1.00,1.12,1.23,1.39,2.93,1.15,0.53,0.89,0.97,1.13,1.27,1.48,3.25
Ocean,County,NJ,1.11,0.98,1.01,1.04,1.10,1.15,1.20,1.30,1.11,0.94,1.01,1.04,1.09,1.15,1.22,1.34,1.10,0.91,1.00,1.04,1.09,1.15,1.23,1.38,1.10,0.86,0.99,1.02,1.08,1.14,1.24,1.52,1.10,0.78,0.97,1.01,1.08,1.14,1.27,1.66,1.10,0.58,0.94,1.00,1.08,1.15,1.31,2.55
Ohio,County,WV,1.10,0.93,1.04,1.07,1.10,1.14,1.17,1.30,1.11,0.86,1.03,1.06,1.11,1.15,1.20,1.30,1.11,0.80,1.01,1.06,1.11,1.16,1.20,1.39,1.11,0.63,0.97,1.03,1.12,1.19,1.26,1.63,1.12,0.53,0.93,1.02,1.12,1.22,1.31,1.94,1.13,0.48,0.86,0.99,1.11,1.27,1.38,3.46
Oneida,County,NY,1.09,0.96,1.03,1.06,1.09,1.11,1.17,1.27,1.09,0.87,1.02,1.05,1.09,1.12,1.18,1.31,1.09,0.84,1.00,1.04,1.08,1.14,1.21,1.33,1.09,0.80,0.97,1.03,1.08,1.17,1.24,1.49,1.10,0.73,0.94,1.02,1.08,1.19,1.28,1.69,1.11,0.67,0.91,1.01,1.08,1.21,1.32,2.41
Onondaga,County,NY,1.11,1.00,1.04,1.07,1.09,1.13,1.18,1.31,1.11,0.99,1.03,1.06,1.10,1.15,1.18,1.34,1.12,0.95,1.02,1.06,1.11,1.16,1.23,1.39,1.12,0.75,1.01,1.04,1.11,1.18,1.29,1.72,1.13,0.61,0.98,1.03,1.10,1.22,1.34,2.15,1.14,0.63,0.95,1.01,1.10,1.24,1.40,2.42
Ontario,County,NY,1.09,0.94,1.00,1.04,1.10,1.13,1.18,1.33,1.08,0.88,0.97,1.03,1.09,1.13,1.16,1.37,1.08,0.88,0.97,1.03,1.08,1.14,1.18,1.42,1.09,0.77,0.96,1.02,1.08,1.16,1.24,1.57,1.11,0.67,0.94,1.02,1.09,1.19,1.30,1.82,1.13,0.54,0.94,1.01,1.10,1.22,1.40,2.62
Orange,County,NY,1.11,0.89,1.02,1.05,1.10,1.17,1.22,1.33,1.13,0.89,0.99,1.06,1.10,1.20,1.27,1.51,1.14,0.80,0.99,1.06,1.11,1.22,1.31,1.70,1.16,0.65,0.96,1.06,1.13,1.25,1.38,2.07,1.19,0.55,0.95,1.07,1.15,1.28,1.44,2.54,1.22,0.41,0.94,1.07,1.19,1.31,1.52,2.84
Orange,County,VA,1.13,0.95,1.04,1.07,1.13,1.17,1.23,1.31,1.13,0.90,1.00,1.07,1.13,1.19,1.26,1.36,1.13,0.87,0.98,1.06,1.13,1.19,1.27,1.49,1.14,0.82,0.97,1.05,1.14,1.20,1.29,1.76,1.14,0.76,0.95,1.03,1.14,1.22,1.34,2.03,1.15,0.75,0.95,1.01,1.15,1.23,1.36,2.37
Otsego,County,NY,1.11,0.94,1.04,1.06,1.10,1.14,1.19,1.25,1.10,0.95,1.02,1.04,1.09,1.16,1.20,1.30,1.10,0.92,0.99,1.03,1.09,1.17,1.21,1.35,1.10,0.77,0.97,1.01,1.08,1.18,1.25,1.57,1.11,0.66,0.95,1.02,1.09,1.20,1.30,1.81,1.12,0.61,0.92,1.01,1.10,1.23,1.36,3.09
Page,County,VA,1.13,0.93,1.02,1.10,1.13,1.17,1.21,1.48,1.14,0.85,1.02,1.07,1.12,1.17,1.30,1.93,1.15,0.79,1.01,1.06,1.12,1.18,1.32,2.41,1.16,0.70,0.99,1.04,1.11,1.22,1.43,3.32,1.18,0.59,0.96,1.02,1.11,1.25,1.46,4.39,1.20,0.60,0.94,1.00,1.11,1.29,1.50,6.96
Patrick,County,VA,1.12,0.94,1.02,1.06,1.12,1.18,1.23,1.29,1.12,0.92,1.00,1.06,1.12,1.19,1.25,1.38,1.13,0.88,0.98,1.06,1.12,1.22,1.30,1.47,1.15,0.82,0.96,1.06,1.13,1.24,1.36,1.76,1.17,0.76,0.95,1.05,1.13,1.29,1.43,2.19,1.20,0.74,0.94,1.03,1.14,1.34,1.48,3.65
Pendleton,County,WV,1.13,0.99,1.03,1.08,1.13,1.17,1.22,1.37,1.14,0.91,1.01,1.08,1.13,1.19,1.30,1.55,1.15,0.86,0.99,1.07,1.12,1.23,1.31,1.68,1.15,0.76,0.96,1.03,1.12,1.27,1.35,1.86,1.15,0.65,0.91,1.00,1.11,1.28,1.42,2.07,1.16,0.56,0.87,0.99,1.10,1.29,1.51,2.91
Perry,County,PA,1.15,0.94,1.07,1.10,1.13,1.18,1.25,1.49,1.16,0.91,1.06,1.09,1.14,1.19,1.26,1.66,1.16,0.89,1.04,1.08,1.14,1.20,1.28,1.77,1.16,0.80,1.01,1.07,1.14,1.21,1.33,1.95,1.16,0.71,0.97,1.05,1.13,1.23,1.37,2.12,1.15,0.62,0.93,1.02,1.11,1.26,1.37,2.54
Petersburg,City,VA,1.08,0.85,0.98,1.02,1.09,1.13,1.19,1.28,1.08,0.84,0.95,1.03,1.07,1.13,1.22,1.35,1.09,0.84,0.94,1.03,1.08,1.14,1.25,1.41,1.11,0.73,0.94,1.01,1.10,1.17,1.31,1.70,1.13,0.58,0.93,0.99,1.11,1.21,1.38,2.07,1.15,0.66,0.90,0.98,1.12,1.27,1.45,2.62
Philadelphia,County,PA,1.11,0.93,1.02,1.06,1.12,1.16,1.19,1.37,1.11,0.94,1.01,1.05,1.12,1.16,1.20,1.37,1.11,0.93,1.01,1.05,1.11,1.16,1.22,1.40,1.12,0.82,0.99,1.05,1.10,1.18,1.25,1.59,1.12,0.71,0.95,1.05,1.10,1.20,1.28,2.02,1.12,0.59,0.92,1.04,1.11,1.21,1.34,2.50
Pike,County,PA,1.11,0.93,1.00,1.05,1.12,1.18,1.20,1.40,1.12,0.90,0.99,1.04,1.14,1.18,1.24,1.71,1.13,0.82,0.97,1.04,1.13,1.20,1.28,2.12,1.15,0.72,0.95,1.06,1.14,1.22,1.35,2.98,1.18,0.65,0.91,1.06,1.15,1.26,1.41,4.01,1.21,0.49,0.91,1.05,1.16,1.30,1.50,6.61
Pittsylvania,County,VA,1.14,0.95,1.01,1.09,1.14,1.20,1.25,1.38,1.16,0.91,1.03,1.11,1.14,1.21,1.28,1.42,1.16,0.90,1.03,1.11,1.15,1.23,1.31,1.42,1.17,0.90,1.02,1.10,1.16,1.24,1.35,1.56,1.17,0.82,1.00,1.09,1.17,1.26,1.38,1.71,1.18,0.76,0.97,1.08,1.17,1.27,1.39,2.10
Pleasants,County,WV,1.09,0.98,1.02,1.04,1.08,1.14,1.19,1.28,1.09,0.95,1.01,1.02,1.06,1.14,1.20,1.29,1.08,0.93,1.00,1.02,1.06,1.14,1.20,1.32,1.07,0.88,0.97,1.01,1.06,1.14,1.19,1.37,1.07,0.74,0.94,1.00,1.06,1.14,1.21,1.48,1.07,0.70,0.92,0.99,1.06,1.14,1.23,1.89
Pocahontas,County,WV,1.11,0.98,1.05,1.07,1.10,1.14,1.18,1.26,1.11,0.98,1.03,1.06,1.11,1.16,1.19,1.32,1.12,0.91,1.02,1.05,1.12,1.16,1.23,1.46,1.13,0.79,1.01,1.05,1.12,1.18,1.30,1.83,1.15,0.71,1.00,1.05,1.12,1.21,1.35,2.25,1.17,0.62,0.98,1.05,1.13,1.23,1.40,2.88
Poquoson,City,VA,1.10,0.93,0.99,1.05,1.09,1.15,1.19,1.29,1.09,0.84,0.97,1.04,1.09,1.16,1.19,1.35,1.10,0.76,0.96,1.03,1.10,1.17,1.20,1.49,1.10,0.67,0.95,1.02,1.09,1.18,1.25,1.79,1.11,0.60,0.94,1.01,1.10,1.21,1.29,2.12,1.13,0.52,0.90,1.00,1.11,1.25,1.37,2.01
Portsmouth,City,VA,1.10,0.93,0.99,1.03,1.11,1.15,1.22,1.34,1.11,0.87,0.98,1.03,1.09,1.17,1.26,1.45,1.12,0.83,0.96,1.03,1.09,1.20,1.29,1.56,1.13,0.67,0.93,1.01,1.11,1.23,1.35,1.73,1.15,0.55,0.88,1.01,1.13,1.27,1.41,1.90,1.16,0.48,0.84,1.00,1.14,1.30,1.45,2.32
Potter,County,PA,1.11,0.95,1.02,1.07,1.12,1.15,1.19,1.31,1.11,0.91,1.01,1.06,1.12,1.16,1.20,1.38,1.11,0.86,1.00,1.05,1.12,1.17,1.20,1.39,1.11,0.78,0.95,1.03,1.11,1.18,1.23,1.68,1.10,0.71,0.90,1.02,1.11,1.19,1.26,2.14,1.10,0.43,0.88,1.01,1.11,1.20,1.31,2.03
Powhatan,County,VA,1.09,0.85,0.99,1.02,1.07,1.14,1.18,1.34,1.09,0.81,0.98,1.02,1.08,1.15,1.24,1.42,1.10,0.74,0.96,1.00,1.09,1.16,1.28,1.68,1.11,0.66,0.94,0.99,1.10,1.21,1.34,2.18,1.13,0.60,0.90,0.98,1.10,1.24,1.41,2.69,1.15,0.56,0.86,0.97,1.10,1.28,1.47,2.99
Preston,County,WV,1.08,1.01,1.03,1.05,1.07,1.11,1.16,1.26,1.09,0.93,1.02,1.05,1.07,1.12,1.19,1.29,1.09,0.87,1.00,1.03,1.09,1.13,1.20,1.51,1.10,0.66,0.97,1.02,1.09,1.16,1.22,1.97,1.10,0.51,0.93,1.01,1.09,1.19,1.25,2.49,1.11,0.50,0.89,0.99,1.09,1.21,1.31,3.11
Prince Edward,County,VA,1.11,0.97,1.02,1.05,1.10,1.15,1.21,1.26,1.11,0.94,1.00,1.06,1.10,1.17,1.22,1.33,1.11,0.90,0.97,1.05,1.11,1.17,1.26,1.42,1.12,0.79,0.96,1.03,1.10,1.18,1.31,1.76,1.12,0.71,0.95,1.01,1.09,1.19,1.35,2.14,1.12,0.64,0.91,0.99,1.09,1.22,1.39,2.53
Prince George,County,VA,1.08,0.90,0.98,1.01,1.09,1.14,1.18,1.31,1.08,0.89,0.96,1.02,1.07,1.13,1.23,1.34,1.08,0.88,0.96,1.01,1.08,1.13,1.25,1.46,1.09,0.73,0.95,0.99,1.08,1.14,1.28,1.69,1.11,0.59,0.95,0.99,1.09,1.17,1.32,2.06,1.13,0.66,0.94,0.99,1.09,1.20,1.37,2.61
Prince George's,County,MD,1.09,0.98,1.02,1.05,1.08,1.14,1.18,1.22,1.09,0.95,1.00,1.04,1.08,1.14,1.20,1.30,1.09,0.92,0.98,1.03,1.08,1.16,1.22,1.39,1.10,0.83,0.94,1.02,1.09,1.18,1.28,1.63,1.12,0.74,0.91,1.01,1.10,1.20,1.34,1.93,1.15,0.62,0.90,1.00,1.11,1.27,1.44,2.22
Prince William,County,VA,1.09,0.98,1.01,1.05,1.09,1.13,1.16,1.23,1.09,0.92,1.00,1.05,1.09,1.14,1.18,1.30,1.10,0.89,1.01,1.04,1.09,1.16,1.21,1.47,1.11,0.81,1.01,1.04,1.10,1.18,1.24,1.91,1.13,0.74,1.01,1.04,1.10,1.20,1.31,2.42,1.15,0.65,1.00,1.05,1.10,1.22,1.38,2.96
Pulaski,County,VA,1.13,0.99,1.05,1.08,1.11,1.17,1.22,1.31,1.13,0.98,1.03,1.08,1.12,1.19,1.23,1.34,1.13,0.92,1.01,1.08,1.13,1.20,1.23,1.36,1.13,0.79,0.99,1.07,1.14,1.21,1.26,1.63,1.14,0.69,0.97,1.05,1.15,1.22,1.29,2.10,1.14,0.61,0.96,1.04,1.15,1.24,1.31,2.07
Putnam,County,WV,1.10,0.94,1.02,1.06,1.11,1.15,1.17,1.20,1.10,0.93,1.02,1.04,1.10,1.16,1.17,1.23,1.10,0.93,1.00,1.04,1.11,1.16,1.19,1.36,1.11,0.81,0.98,1.04,1.11,1.18,1.23,1.79,1.12,0.71,0.96,1.03,1.12,1.20,1.28,2.30,1.14,0.60,0.93,1.02,1.14,1.24,1.35,2.53
Queen Anne's,County,MD,1.10,1.00,1.03,1.05,1.10,1.14,1.18,1.30,1.10,0.96,1.00,1.03,1.09,1.15,1.17,1.37,1.09,0.90,0.98,1.02,1.08,1.16,1.20,1.72,1.09,0.76,0.95,1.00,1.07,1.15,1.25,2.39,1.09,0.67,0.92,0.98,1.06,1.16,1.29,3.08,1.10,0.59,0.89,0.96,1.05,1.19,1.33,3.72
Radford,City,VA,1.14,0.98,1.02,1.09,1.12,1.19,1.24,1.33,1.14,0.95,1.02,1.09,1.13,1.22,1.25,1.38,1.15,0.88,1.01,1.09,1.14,1.22,1.27,1.39,1.15,0.78,1.01,1.07,1.16,1.25,1.29,1.52,1.16,0.66,0.98,1.06,1.17,1.26,1.31,1.78,1.16,0.44,0.94,1.05,1.17,1.27,1.35,1.98
Raleigh,County,WV,1.11,0.97,1.02,1.07,1.09,1.13,1.20,1.31,1.11,0.92,1.01,1.06,1.11,1.16,1.21,1.38,1.12,0.88,1.01,1.06,1.11,1.17,1.26,1.46,1.13,0.79,1.00,1.06,1.10,1.18,1.33,1.64,1.14,0.65,0.98,1.05,1.11,1.21,1.38,1.86,1.15,0.61,0.95,1.01,1.10,1.24,1.44,2.04
Randolph,County,WV,1.09,1.00,1.03,1.05,1.08,1.11,1.16,1.22,1.09,0.95,1.02,1.04,1.09,1.13,1.17,1.25,1.10,0.90,1.01,1.04,1.09,1.15,1.19,1.45,1.11,0.81,0.98,1.04,1.10,1.18,1.24,1.91,1.13,0.74,0.97,1.04,1.11,1.20,1.29,2.42,1.15,0.73,0.94,1.02,1.13,1.24,1.37,2.66
Rappahannock,County,VA,1.13,0.90,1.05,1.08,1.14,1.18,1.23,1.44,1.14,0.88,1.03,1.08,1.14,1.19,1.23,1.65,1.14,0.85,1.00,1.07,1.14,1.19,1.23,1.94,1.14,0.68,0.97,1.05,1.13,1.20,1.29,2.44,1.15,0.53,0.95,1.03,1.12,1.21,1.34,2.94,1.16,0.53,0.91,1.00,1.12,1.24,1.38,4.15
Richmond,County,NY,1.10,0.89,1.00,1.04,1.09,1.15,1.23,1.33,1.10,0.87,0.98,1.02,1.08,1.15,1.26,1.35,1.09,0.81,0.95,1.01,1.09,1.15,1.27,1.55,1.08,0.67,0.90,0.99,1.08,1.17,1.28,2.19,1.08,0.54,0.85,0.97,1.06,1.17,1.30,2.98,1.08,0.39,0.81,0.93,1.06,1.19,1.38,3.43
Richmond,County,VA,1.09,0.90,0.97,1.04,1.09,1.15,1.20,1.31,1.09,0.85,0.93,1.01,1.11,1.18,1.24,1.32,1.09,0.80,0.90,1.00,1.12,1.19,1.26,1.41,1.10,0.76,0.88,0.99,1.12,1.21,1.28,1.78,1.10,0.72,0.86,0.98,1.12,1.21,1.29,2.37,1.10,0.65,0.83,0.98,1.11,1.22,1.33,2.14
Richmond,City,VA,1.08,0.93,1.01,1.04,1.08,1.14,1.15,1.23,1.09,0.91,0.99,1.03,1.08,1.17,1.19,1.29,1.10,0.87,0.98,1.02,1.10,1.18,1.23,1.39,1.12,0.79,0.96,1.02,1.12,1.21,1.31,1.62,1.15,0.74,0.95,1.02,1.14,1.24,1.38,1.87,1.17,0.75,0.92,1.01,1.16,1.30,1.45,2.26
Ritchie,County,WV,1.11,1.00,1.03,1.07,1.10,1.14,1.19,1.27,1.11,0.99,1.03,1.06,1.10,1.15,1.20,1.27,1.11,0.91,1.02,1.05,1.10,1.16,1.20,1.31,1.11,0.77,1.01,1.04,1.10,1.17,1.23,1.38,1.11,0.66,1.00,1.04,1.10,1.18,1.26,1.62,1.12,0.53,0.98,1.03,1.11,1.19,1.29,1.99
Roane,County,WV,1.10,0.97,1.03,1.08,1.10,1.14,1.17,1.21,1.10,0.94,1.03,1.06,1.11,1.15,1.19,1.25,1.10,0.90,1.02,1.05,1.10,1.16,1.20,1.33,1.11,0.85,0.98,1.04,1.10,1.17,1.22,1.53,1.11,0.82,0.95,1.01,1.10,1.19,1.26,1.80,1.11,0.52,0.93,1.01,1.09,1.19,1.31,2.21
Roanoke,County,VA,1.15,0.96,1.03,1.09,1.14,1.21,1.25,1.40,1.17,0.96,1.01,1.10,1.17,1.25,1.31,1.45,1.18,0.94,1.00,1.10,1.18,1.26,1.35,1.52,1.19,0.88,1.01,1.09,1.17,1.30,1.41,1.73,1.20,0.82,1.00,1.07,1.17,1.32,1.42,1.91,1.20,0.70,0.98,1.05,1.17,1.33,1.48,2.14
Roanoke,City,VA,1.13,0.95,1.00,1.08,1.13,1.19,1.25,1.38,1.16,0.89,1.00,1.08,1.16,1.23,1.31,1.49,1.18,0.81,0.98,1.07,1.19,1.26,1.35,1.69,1.20,0.71,0.97,1.07,1.19,1.32,1.42,1.98,1.22,0.64,0.96,1.07,1.20,1.35,1.51,2.30,1.24,0.56,0.93,1.05,1.21,1.37,1.55,3.06
Rockbridge,County,VA,1.14,0.98,1.04,1.07,1.12,1.20,1.26,1.30,1.14,0.91,1.02,1.06,1.15,1.22,1.28,1.40,1.15,0.86,1.00,1.06,1.15,1.22,1.29,1.54,1.15,0.79,0.98,1.05,1.14,1.23,1.33,1.81,1.15,0.69,0.96,1.03,1.14,1.23,1.36,2.12,1.15,0.67,0.93,1.01,1.14,1.24,1.40,2.38
Rockingham,County,VA,1.12,0.95,1.03,1.06,1.12,1.16,1.21,1.34,1.12,0.84,1.01,1.05,1.12,1.17,1.24,1.48,1.12,0.75,1.02,1.05,1.11,1.18,1.25,1.67,1.13,0.62,1.00,1.03,1.10,1.20,1.33,2.00,1.13,0.53,0.98,1.01,1.09,1.20,1.41,2.33,1.14,0.46,0.95,1.00,1.08,1.20,1.48,2.91
Russell,County,VA,1.10,1.00,1.03,1.06,1.09,1.14,1.17,1.27,1.10,0.96,1.01,1.07,1.10,1.13,1.19,1.29,1.10,0.93,1.00,1.06,1.11,1.14,1.20,1.25,1.11,0.88,0.99,1.05,1.12,1.17,1.22,1.42,1.11,0.79,0.96,1.05,1.13,1.19,1.24,1.56,1.12,0.65,0.94,1.04,1.13,1.22,1.28,1.63
Salem,County,NJ,1.12,0.96,1.04,1.06,1.11,1.18,1.21,1.43,1.13,0.92,1.04,1.06,1.11,1.19,1.23,1.45,1.13,0.90,1.03,1.07,1.11,1.20,1.24,1.46,1.13,0.84,1.01,1.06,1.11,1.20,1.26,1.78,1.13,0.77,0.98,1.05,1.12,1.20,1.29,2.37,1.13,0.48,0.95,1.03,1.13,1.21,1.32,2.36
Salem,City,VA,1.14,0.95,1.02,1.09,1.14,1.19,1.26,1.41,1.17,0.94,1.01,1.09,1.18,1.26,1.33,1.53,1.19,0.90,1.00,1.08,1.20,1.28,1.38,1.73,1.21,0.79,0.99,1.06,1.19,1.32,1.46,1.92,1.22,0.60,0.97,1.06,1.19,1.35,1.49,2.25,1.22,0.60,0.93,1.03,1.19,1.33,1.52,4.10
Schoharie,County,NY,1.13,0.98,1.03,1.09,1.14,1.17,1.20,1.33,1.13,0.95,1.03,1.08,1.13,1.18,1.23,1.37,1.13,0.92,1.01,1.07,1.12,1.19,1.26,1.41,1.13,0.78,0.98,1.05,1.11,1.21,1.30,1.65,1.14,0.65,0.95,1.03,1.11,1.22,1.35,2.09,1.14,0.51,0.92,1.02,1.12,1.25,1.42,3.26
Schuyler,County,NY,1.11,0.94,1.04,1.06,1.11,1.15,1.22,1.32,1.12,0.96,1.02,1.06,1.11,1.16,1.25,1.34,1.12,0.91,1.01,1.05,1.12,1.17,1.25,1.45,1.12,0.77,0.98,1.05,1.11,1.19,1.29,1.74,1.13,0.68,0.94,1.03,1.11,1.20,1.31,2.05,1.13,0.54,0.89,1.02,1.11,1.21,1.34,2.66
Schuylkill,County,PA,1.11,0.95,1.02,1.08,1.11,1.15,1.19,1.32,1.13,0.92,1.00,1.07,1.13,1.18,1.23,1.57,1.14,0.87,0.99,1.05,1.13,1.20,1.26,1.83,1.16,0.78,0.96,1.04,1.16,1.24,1.33,2.40,1.18,0.71,0.94,1.03,1.18,1.28,1.38,3.04,1.20,0.63,0.91,1.04,1.21,1.32,1.42,3.86
Scott,County,VA,1.12,0.99,1.05,1.08,1.13,1.15,1.18,1.25,1.13,0.99,1.05,1.07,1.13,1.17,1.19,1.29,1.13,0.95,1.04,1.07,1.14,1.19,1.21,1.36,1.14,0.78,1.01,1.06,1.16,1.21,1.24,1.53,1.15,0.66,0.97,1.06,1.17,1.22,1.27,1.79,1.15,0.51,0.95,1.06,1.18,1.24,1.32,2.01
Shenandoah,County,VA,1.13,0.96,1.04,1.08,1.13,1.18,1.21,1.36,1.13,0.92,1.02,1.07,1.13,1.17,1.24,1.60,1.14,0.91,1.02,1.06,1.12,1.18,1.28,1.87,1.14,0.80,0.99,1.04,1.10,1.20,1.32,2.35,1.15,0.65,0.97,1.01,1.10,1.21,1.34,2.85,1.15,0.69,0.95,0.99,1.10,1.22,1.38,3.44
Smyth,County,VA,1.11,1.01,1.05,1.08,1.11,1.14,1.18,1.32,1.12,0.98,1.05,1.07,1.11,1.15,1.19,1.36,1.12,0.97,1.05,1.07,1.10,1.16,1.19,1.36,1.12,0.91,1.04,1.07,1.10,1.17,1.22,1.46,1.12,0.74,1.02,1.06,1.10,1.18,1.24,1.68,1.12,0.75,0.98,1.05,1.11,1.19,1.27,2.32
Snyder,County,PA,1.13,0.93,1.05,1.09,1.12,1.16,1.22,1.37,1.13,0.93,1.04,1.08,1.13,1.17,1.26,1.62,1.14,0.91,1.04,1.07,1.13,1.18,1.29,1.87,1.16,0.84,1.01,1.06,1.14,1.22,1.34,2.38,1.18,0.79,0.99,1.05,1.14,1.25,1.39,2.98,1.20,0.66,0.96,1.06,1.14,1.28,1.46,4.28
Somerset,County,MD,1.11,0.98,1.02,1.06,1.10,1.16,1.22,1.30,1.12,0.94,1.01,1.05,1.10,1.16,1.28,1.43,1.12,0.84,1.00,1.06,1.10,1.18,1.29,1.60,1.13,0.70,0.99,1.05,1.10,1.19,1.30,1.94,1.14,0.59,0.97,1.05,1.11,1.22,1.35,2.35,1.15,0.53,0.92,1.03,1.12,1.26,1.41,2.68
Somerset,County,PA,1.10,1.00,1.04,1.07,1.09,1.12,1.17,1.31,1.10,0.96,1.04,1.06,1.10,1.13,1.18,1.30,1.10,0.93,1.03,1.05,1.10,1.14,1.21,1.44,1.11,0.82,1.02,1.04,1.10,1.15,1.23,1.81,1.11,0.67,0.99,1.03,1.10,1.16,1.26,2.22,1.12,0.54,0.97,1.02,1.10,1.17,1.31,2.67
Southampton,County,VA,1.10,0.87,0.97,1.04,1.09,1.15,1.21,1.29,1.10,0.81,0.99,1.03,1.10,1.18,1.23,1.32,1.11,0.79,0.97,1.04,1.10,1.19,1.25,1.35,1.11,0.78,0.95,1.03,1.10,1.22,1.29,1.48,1.12,0.77,0.92,1.01,1.12,1.24,1.33,1.62,1.14,0.55,0.89,0.98,1.14,1.27,1.38,1.97
Spotsylvania,County,VA,1.11,0.93,1.01,1.05,1.11,1.15,1.20,1.31,1.11,0.90,0.98,1.04,1.11,1.16,1.25,1.39,1.11,0.84,0.96,1.02,1.11,1.17,1.27,1.56,1.11,0.75,0.95,1.01,1.11,1.20,1.30,1.84,1.12,0.70,0.93,0.99,1.11,1.22,1.31,2.12,1.13,0.62,0.90,0.98,1.12,1.24,1.36,2.77
St. Mary's,County,MD,1.09,0.96,1.01,1.05,1.09,1.13,1.17,1.26,1.09,0.93,0.97,1.03,1.09,1.16,1.20,1.33,1.09,0.86,0.96,1.01,1.08,1.18,1.23,1.56,1.10,0.74,0.93,0.99,1.08,1.20,1.28,1.97,1.10,0.67,0.90,0.98,1.08,1.21,1.31,2.33,1.11,0.63,0.86,0.97,1.08,1.22,1.35,2.28
Stafford,County,VA,1.11,0.96,1.01,1.05,1.10,1.15,1.21,1.30,1.12,0.89,1.01,1.05,1.11,1.17,1.25,1.42,1.12,0.85,0.99,1.04,1.12,1.18,1.28,1.56,1.13,0.68,0.96,1.02,1.13,1.20,1.31,1.82,1.14,0.58,0.94,1.01,1.13,1.22,1.38,2.16,1.15,0.53,0.90,1.00,1.14,1.21,1.46,2.77
Staunton,City,VA,1.13,0.93,1.02,1.07,1.12,1.19,1.25,1.41,1.15,0.84,1.03,1.07,1.13,1.21,1.36,1.55,1.15,0.74,0.99,1.07,1.14,1.21,1.40,1.63,1.15,0.60,0.91,1.06,1.14,1.23,1.40,1.94,1.15,0.48,0.86,1.05,1.14,1.24,1.41,2.25,1.14,0.33,0.85,1.01,1.15,1.26,1.42,2.24
Steuben,County,NY,1.11,0.95,1.04,1.08,1.11,1.15,1.18,1.40,1.11,0.92,1.01,1.07,1.11,1.15,1.19,1.47,1.11,0.87,0.99,1.05,1.11,1.15,1.22,1.49,1.11,0.77,0.96,1.03,1.10,1.15,1.29,1.67,1.11,0.69,0.93,1.02,1.09,1.16,1.35,1.99,1.12,0.46,0.91,1.00,1.08,1.19,1.40,2.67
Suffolk,City,VA,1.10,0.87,1.01,1.06,1.11,1.15,1.19,1.25,1.11,0.86,0.97,1.05,1.12,1.18,1.22,1.29,1.12,0.84,0.97,1.05,1.14,1.20,1.24,1.39,1.12,0.78,0.93,1.03,1.15,1.22,1.27,1.69,1.14,0.63,0.90,1.02,1.17,1.23,1.31,2.01,1.15,0.50,0.89,1.02,1.18,1.26,1.35,2.39
Sullivan,County,NY,1.12,0.93,1.02,1.07,1.12,1.17,1.21,1.45,1.13,0.93,1.00,1.06,1.14,1.19,1.24,1.62,1.14,0.92,1.01,1.05,1.14,1.22,1.26,1.76,1.16,0.86,0.99,1.06,1.15,1.23,1.32,2.02,1.18,0.75,0.96,1.06,1.17,1.27,1.38,2.29,1.20,0.55,0.93,1.07,1.18,1.31,1.44,2.33
Sullivan,County,PA,1.10,0.96,1.03,1.05,1.09,1.13,1.18,1.33,1.10,0.90,0.99,1.04,1.11,1.16,1.20,1.50,1.11,0.86,0.98,1.04,1.12,1.17,1.23,1.69,1.12,0.79,0.96,1.04,1.13,1.20,1.27,2.05,1.14,0.74,0.92,1.04,1.13,1.23,1.32,2.38,1.16,0.64,0.88,1.03,1.15,1.28,1.40,2.28
Summers,County,WV,1.09,0.96,1.03,1.05,1.09,1.12,1.17,1.29,1.10,0.96,1.01,1.05,1.09,1.14,1.18,1.32,1.10,0.90,1.01,1.05,1.10,1.15,1.22,1.39,1.12,0.69,0.98,1.05,1.11,1.18,1.26,1.70,1.13,0.57,0.95,1.04,1.13,1.23,1.31,2.27,1.15,0.74,0.92,1.02,1.15,1.27,1.38,2.56
Surry,County,VA,1.10,0.92,0.98,1.06,1.10,1.15,1.21,1.26,1.10,0.91,0.99,1.05,1.10,1.16,1.21,1.27,1.10,0.86,0.98,1.04,1.09,1.16,1.22,1.38,1.10,0.75,0.96,1.01,1.08,1.19,1.24,1.62,1.10,0.67,0.92,0.99,1.07,1.19,1.27,1.88,1.10,0.60,0.88,0.96,1.08,1.20,1.32,2.15
Susquehanna,County,PA,1.10,0.93,1.03,1.05,1.09,1.15,1.18,1.35,1.10,0.91,1.01,1.05,1.09,1.15,1.20,1.42,1.11,0.91,1.00,1.03,1.10,1.15,1.22,1.61,1.12,0.87,0.99,1.03,1.11,1.19,1.26,2.13,1.15,0.80,0.98,1.03,1.12,1.22,1.32,2.71,1.17,0.69,0.97,1.03,1.13,1.27,1.41,3.27
Sussex,County,DE,1.10,0.94,1.03,1.06,1.09,1.13,1.19,1.27,1.10,0.91,1.02,1.04,1.10,1.13,1.21,1.36,1.11,0.90,1.01,1.03,1.10,1.15,1.21,1.52,1.11,0.88,0.98,1.02,1.09,1.17,1.28,2.05,1.13,0.82,0.97,1.01,1.08,1.20,1.37,2.81,1.14,0.78,0.94,1.00,1.08,1.23,1.46,2.93
Sussex,County,NJ,1.12,0.93,1.00,1.07,1.13,1.16,1.24,1.36,1.13,0.92,1.00,1.06,1.13,1.18,1.29,1.53,1.15,0.83,1.00,1.06,1.13,1.20,1.33,1.82,1.17,0.67,1.00,1.06,1.14,1.25,1.37,2.36,1.19,0.55,0.97,1.06,1.16,1.29,1.47,2.90,1.22,0.44,0.91,1.08,1.17,1.33,1.58,4.20
Sussex,County,VA,1.10,0.93,1.00,1.04,1.09,1.16,1.20,1.25,1.10,0.92,0.97,1.02,1.10,1.17,1.22,1.30,1.10,0.89,0.96,1.02,1.10,1.18,1.22,1.42,1.10,0.76,0.93,1.00,1.10,1.18,1.25,1.62,1.10,0.65,0.90,0.98,1.10,1.20,1.31,1.79,1.11,0.52,0.88,0.97,1.09,1.22,1.37,1.93
Talbot,County,MD,1.08,0.88,1.01,1.04,1.07,1.12,1.19,1.29,1.07,0.82,0.99,1.02,1.07,1.12,1.20,1.39,1.07,0.80,0.96,1.01,1.06,1.13,1.22,1.56,1.08,0.74,0.92,0.98,1.06,1.14,1.29,2.00,1.09,0.66,0.90,0.96,1.05,1.17,1.33,2.56,1.12,0.55,0.87,0.95,1.04,1.21,1.44,3.57
Taylor,County,WV,1.09,0.97,1.03,1.05,1.08,1.11,1.18,1.33,1.09,0.92,1.01,1.04,1.07,1.15,1.20,1.30,1.10,0.88,1.00,1.04,1.08,1.15,1.21,1.40,1.10,0.76,0.97,1.02,1.09,1.18,1.23,1.70,1.10,0.67,0.93,1.01,1.10,1.19,1.25,2.02,1.10,0.55,0.90,0.98,1.10,1.20,1.30,2.38
Tazewell,County,VA,1.10,0.99,1.06,1.07,1.09,1.12,1.17,1.26,1.10,0.98,1.05,1.06,1.09,1.12,1.19,1.27,1.11,0.93,1.05,1.07,1.09,1.14,1.20,1.28,1.11,0.83,1.03,1.06,1.10,1.17,1.23,1.42,1.12,0.70,1.01,1.05,1.11,1.19,1.26,1.61,1.13,0.57,0.99,1.05,1.12,1.22,1.30,1.99
Tioga,County,NY,1.09,0.93,1.01,1.04,1.08,1.13,1.16,1.33,1.09,0.88,1.00,1.04,1.09,1.13,1.18,1.42,1.10,0.84,0.99,1.03,1.09,1.15,1.22,1.45,1.12,0.75,0.98,1.03,1.10,1.20,1.29,1.70,1.15,0.58,0.96,1.03,1.11,1.26,1.38,2.04,1.18,0.66,0.92,1.01,1.14,1.31,1.48,2.93
Tioga,County,PA,1.11,0.96,1.03,1.07,1.11,1.14,1.20,1.28,1.10,0.92,1.01,1.06,1.11,1.14,1.20,1.31,1.10,0.86,0.99,1.04,1.11,1.15,1.22,1.36,1.10,0.78,0.95,1.02,1.11,1.18,1.23,1.55,1.11,0.70,0.92,1.01,1.11,1.20,1.28,1.81,1.11,0.58,0.89,1.00,1.10,1.22,1.32,2.67
Tompkins,County,NY,1.11,0.96,1.03,1.07,1.10,1.15,1.20,1.29,1.10,0.95,1.03,1.06,1.11,1.15,1.18,1.34,1.11,0.94,1.01,1.05,1.10,1.16,1.20,1.38,1.12,0.77,0.98,1.04,1.10,1.16,1.27,1.62,1.13,0.64,0.96,1.04,1.11,1.19,1.34,2.05,1.15,0.51,0.92,1.03,1.11,1.24,1.42,2.65
Tucker,County,WV,1.08,0.98,1.02,1.03,1.07,1.12,1.17,1.26,1.09,0.97,1.00,1.03,1.08,1.13,1.19,1.26,1.09,0.93,0.99,1.02,1.09,1.15,1.20,1.44,1.10,0.78,0.98,1.01,1.08,1.16,1.23,1.81,1.10,0.65,0.97,1.00,1.07,1.18,1.27,2.26,1.11,0.54,0.93,0.99,1.07,1.20,1.34,2.73
Tyler,County,WV,1.08,0.95,1.00,1.03,1.07,1.13,1.16,1.25,1.07,0.90,0.98,1.01,1.06,1.11,1.18,1.25,1.06,0.86,0.96,1.00,1.05,1.10,1.17,1.30,1.06,0.81,0.94,0.99,1.06,1.12,1.16,1.39,1.06,0.73,0.91,0.98,1.07,1.13,1.18,1.55,1.06,0.64,0.87,0.98,1.07,1.15,1.22,2.30
Ulster,County,NY,1.14,0.93,1.04,1.08,1.14,1.20,1.27,1.38,1.16,0.93,1.04,1.08,1.13,1.22,1.31,1.44,1.16,0.92,1.04,1.07,1.14,1.24,1.34,1.99,1.17,0.72,1.01,1.06,1.16,1.28,1.35,3.16,1.18,0.58,0.99,1.06,1.17,1.30,1.36,4.25,1.19,0.57,0.98,1.06,1.19,1.32,1.39,2.02
Union,County,PA,1.12,0.95,1.05,1.08,1.12,1.16,1.20,1.26,1.12,0.95,1.04,1.08,1.11,1.15,1.23,1.45,1.13,0.94,1.03,1.08,1.12,1.17,1.23,1.66,1.14,0.89,1.01,1.06,1.12,1.20,1.26,2.13,1.16,0.81,1.00,1.05,1.13,1.22,1.31,2.68,1.18,0.70,0.98,1.04,1.13,1.25,1.36,3.41
Upshur,County,WV,1.07,0.99,1.02,1.04,1.06,1.10,1.14,1.22,1.08,0.97,1.00,1.04,1.08,1.10,1.15,1.25,1.08,0.93,1.00,1.04,1.08,1.13,1.16,1.34,1.10,0.84,0.98,1.03,1.10,1.16,1.20,1.55,1.12,0.75,0.96,1.03,1.10,1.19,1.26,1.91,1.14,0.55,0.93,1.02,1.11,1.23,1.35,3.16
Venango,County,PA,1.11,0.92,1.05,1.07,1.11,1.15,1.22,1.26,1.12,0.92,1.01,1.07,1.12,1.16,1.22,1.32,1.12,0.92,1.00,1.07,1.12,1.17,1.23,1.36,1.13,0.84,0.99,1.07,1.13,1.18,1.27,1.50,1.14,0.74,0.98,1.06,1.13,1.21,1.30,1.66,1.15,0.67,0.95,1.05,1.15,1.24,1.34,2.95
Virginia Beach,City,VA,1.12,0.95,1.00,1.06,1.11,1.17,1.21,1.41,1.13,0.90,0.99,1.07,1.11,1.19,1.28,1.61,1.13,0.85,0.97,1.06,1.11,1.21,1.31,1.76,1.14,0.73,0.94,1.05,1.12,1.23,1.34,1.98,1.14,0.63,0.91,1.04,1.12,1.24,1.35,2.18,1.14,0.54,0.89,1.00,1.12,1.25,1.37,2.26
Warren,County,NJ,1.12,0.94,1.01,1.07,1.12,1.18,1.23,1.32,1.13,0.91,1.01,1.05,1.12,1.22,1.28,1.41,1.14,0.89,1.00,1.07,1.12,1.23,1.31,1.51,1.16,0.77,0.97,1.06,1.13,1.27,1.37,1.70,1.17,0.68,0.95,1.04,1.15,1.29,1.43,2.00,1.19,0.68,0.93,1.02,1.16,1.33,1.49,12.38
Warren,County,PA,1.11,0.95,1.03,1.05,1.11,1.16,1.23,1.27,1.11,0.95,1.01,1.05,1.10,1.17,1.25,1.32,1.11,0.91,1.01,1.05,1.09,1.17,1.27,1.42,1.12,0.86,1.02,1.05,1.10,1.18,1.29,1.73,1.13,0.80,1.00,1.05,1.11,1.20,1.30,2.06,1.14,0.66,0.96,1.05,1.13,1.23,1.32,1.85
Warren,County,VA,1.14,0.94,1.05,1.10,1.14,1.18,1.24,1.42,1.15,0.94,1.05,1.09,1.15,1.20,1.26,1.46,1.15,0.87,1.02,1.08,1.14,1.21,1.26,1.64,1.14,0.70,0.98,1.05,1.13,1.21,1.30,1.94,1.13,0.55,0.94,1.02,1.11,1.21,1.32,2.54,1.13,0.54,0.88,0.99,1.10,1.22,1.38,3.99
Washington,County,MD,1.14,0.97,1.05,1.10,1.14,1.16,1.24,1.30,1.14,0.95,1.05,1.09,1.13,1.19,1.27,1.47,1.15,0.95,1.02,1.08,1.12,1.20,1.30,1.66,1.15,0.85,0.99,1.06,1.12,1.22,1.32,2.10,1.15,0.77,0.96,1.03,1.11,1.23,1.35,2.80,1.15,0.60,0.94,1.01,1.10,1.26,1.40,3.18
Washington,County,PA,1.11,0.99,1.01,1.06,1.11,1.15,1.19,1.24,1.10,0.96,0.99,1.04,1.10,1.16,1.20,1.26,1.10,0.90,0.98,1.04,1.10,1.15,1.21,1.38,1.09,0.78,0.96,1.01,1.09,1.16,1.24,1.71,1.09,0.67,0.93,0.99,1.08,1.18,1.28,2.08,1.10,0.61,0.90,0.97,1.07,1.21,1.32,2.63
Washington,County,VA,1.10,0.99,1.04,1.06,1.10,1.15,1.17,1.29,1.10,0.95,1.03,1.06,1.10,1.13,1.17,1.31,1.10,0.93,1.01,1.06,1.11,1.14,1.18,1.31,1.10,0.89,0.99,1.05,1.11,1.16,1.21,1.51,1.11,0.80,0.97,1.03,1.11,1.17,1.24,1.70,1.12,0.63,0.94,1.01,1.12,1.19,1.29,2.25
Wayne,County,PA,1.10,0.96,1.01,1.04,1.11,1.15,1.19,1.42,1.11,0.92,0.99,1.02,1.12,1.17,1.23,1.79,1.12,0.88,0.99,1.02,1.13,1.18,1.25,2.23,1.14,0.77,0.96,1.02,1.14,1.22,1.30,3.19,1.16,0.68,0.95,1.02,1.15,1.26,1.35,4.31,1.19,0.65,0.91,1.02,1.16,1.29,1.39,4.98
Wayne,County,WV,1.09,0.97,1.02,1.05,1.09,1.13,1.16,1.21,1.10,0.92,1.03,1.05,1.09,1.13,1.18,1.29,1.10,0.87,1.03,1.05,1.10,1.14,1.21,1.35,1.12,0.74,1.02,1.05,1.11,1.18,1.27,1.58,1.14,0.63,1.01,1.05,1.12,1.21,1.33,1.90,1.16,0.49,0.99,1.05,1.13,1.26,1.40,2.47
Waynesboro,City,VA,1.14,0.90,1.05,1.08,1.12,1.19,1.26,1.43,1.15,0.78,1.02,1.08,1.13,1.23,1.36,1.48,1.15,0.69,0.97,1.07,1.14,1.24,1.40,1.56,1.15,0.52,0.93,1.04,1.15,1.25,1.39,1.80,1.15,0.38,0.89,1.00,1.16,1.26,1.40,1.99,1.14,0.39,0.85,0.97,1.16,1.28,1.44,2.20
Webster,County,WV,1.08,0.98,1.03,1.05,1.09,1.11,1.15,1.21,1.08,0.94,1.02,1.04,1.08,1.11,1.16,1.25,1.08,0.91,1.01,1.04,1.07,1.13,1.16,1.37,1.09,0.86,0.98,1.02,1.08,1.14,1.20,1.64,1.10,0.80,0.95,1.01,1.08,1.15,1.26,2.00,1.10,0.62,0.92,1.00,1.07,1.17,1.31,2.53
Westchester,County,NY,1.12,0.93,1.04,1.07,1.12,1.18,1.22,1.30,1.13,0.93,1.02,1.07,1.12,1.19,1.23,1.35,1.13,0.90,1.01,1.06,1.11,1.20,1.24,1.56,1.13,0.67,0.98,1.03,1.11,1.20,1.28,2.27,1.13,0.50,0.94,1.00,1.09,1.23,1.34,3.34,1.12,0.44,0.88,0.97,1.08,1.22,1.39,4.39
Westmoreland,County,PA,1.09,0.99,1.01,1.06,1.09,1.12,1.16,1.30,1.08,0.92,1.00,1.05,1.07,1.13,1.17,1.31,1.08,0.85,0.99,1.03,1.08,1.13,1.17,1.33,1.09,0.71,0.98,1.03,1.08,1.15,1.22,1.54,1.10,0.61,0.94,1.03,1.08,1.17,1.26,1.76,1.11,0.60,0.92,1.02,1.09,1.19,1.31,2.15
Westmoreland,County,VA,1.09,0.92,0.97,1.04,1.09,1.13,1.19,1.28,1.09,0.89,0.94,1.00,1.09,1.17,1.22,1.33,1.10,0.86,0.93,0.97,1.10,1.20,1.25,1.56,1.10,0.80,0.92,0.96,1.10,1.21,1.30,1.95,1.11,0.76,0.90,0.96,1.10,1.24,1.34,2.31,1.13,0.64,0.90,0.97,1.08,1.27,1.38,2.76
Wetzel,County,WV,1.11,0.97,1.03,1.08,1.11,1.14,1.17,1.22,1.10,0.96,1.02,1.06,1.11,1.13,1.18,1.24,1.10,0.93,1.01,1.05,1.10,1.14,1.19,1.28,1.09,0.75,0.98,1.03,1.10,1.15,1.21,1.53,1.09,0.57,0.95,1.01,1.09,1.17,1.24,1.83,1.10,0.48,0.91,0.99,1.08,1.19,1.30,2.48
Wicomico,County,MD,1.10,0.95,1.02,1.05,1.09,1.15,1.20,1.30,1.10,0.90,0.99,1.04,1.10,1.16,1.24,1.43,1.11,0.84,0.99,1.04,1.09,1.18,1.24,1.57,1.12,0.76,0.99,1.03,1.09,1.18,1.28,1.82,1.13,0.69,0.96,1.03,1.11,1.19,1.33,2.06,1.15,0.64,0.93,1.04,1.11,1.21,1.40,2.50
Williamsburg,City,VA,1.08,0.93,1.00,1.03,1.06,1.13,1.18,1.27,1.07,0.85,0.96,1.01,1.08,1.12,1.19,1.33,1.07,0.77,0.94,0.99,1.07,1.15,1.21,1.60,1.08,0.66,0.91,0.95,1.05,1.18,1.27,2.09,1.09,0.55,0.86,0.94,1.05,1.19,1.36,2.54,1.09,0.41,0.83,0.92,1.04,1.21,1.44,2.88
Winchester,City,VA,1.14,0.89,1.03,1.08,1.15,1.19,1.24,1.38,1.14,0.86,1.02,1.08,1.13,1.21,1.28,1.49,1.14,0.85,1.00,1.07,1.13,1.20,1.30,1.58,1.14,0.81,0.97,1.05,1.11,1.21,1.32,1.68,1.14,0.63,0.93,1.02,1.11,1.21,1.38,1.92,1.14,0.47,0.89,0.98,1.09,1.23,1.48,2.72
Wirt,County,WV,1.13,0.97,1.05,1.08,1.13,1.17,1.20,1.24,1.14,0.93,1.02,1.08,1.15,1.19,1.23,1.30,1.14,0.90,1.02,1.08,1.15,1.20,1.25,1.36,1.14,0.80,1.00,1.06,1.15,1.22,1.28,1.50,1.15,0.71,0.97,1.05,1.16,1.23,1.32,1.62,1.15,0.56,0.93,1.04,1.14,1.24,1.36,1.89
Wise,County,VA,1.10,0.96,1.03,1.06,1.10,1.15,1.19,1.24,1.11,0.95,1.01,1.06,1.10,1.16,1.22,1.27,1.11,0.91,1.00,1.05,1.10,1.18,1.24,1.34,1.12,0.82,0.98,1.05,1.12,1.21,1.27,1.52,1.14,0.71,0.97,1.05,1.13,1.23,1.30,1.71,1.15,0.65,0.96,1.06,1.14,1.25,1.34,2.30
Wood,County,WV,1.11,0.98,1.02,1.07,1.10,1.18,1.19,1.23,1.11,0.89,1.01,1.06,1.10,1.18,1.21,1.27,1.11,0.81,1.00,1.05,1.11,1.18,1.22,1.34,1.11,0.72,0.98,1.04,1.11,1.18,1.25,1.55,1.12,0.64,0.97,1.03,1.11,1.19,1.29,1.81,1.13,0.63,0.96,1.02,1.11,1.22,1.35,2.13
Worcester,County,MD,1.11,0.95,1.02,1.05,1.11,1.16,1.21,1.30,1.12,0.93,1.00,1.06,1.11,1.17,1.24,1.34,1.12,0.87,0.99,1.04,1.11,1.20,1.26,1.41,1.13,0.76,0.97,1.03,1.10,1.24,1.31,1.57,1.14,0.67,0.95,1.02,1.10,1.28,1.35,1.81,1.15,0.60,0.94,1.00,1.10,1.32,1.42,2.24
Wyoming,County,PA,1.11,0.95,1.02,1.06,1.11,1.14,1.18,1.34,1.11,0.90,1.00,1.07,1.11,1.16,1.19,1.51,1.13,0.85,0.99,1.06,1.13,1.19,1.23,1.74,1.15,0.78,0.98,1.05,1.15,1.23,1.29,2.23,1.17,0.72,0.97,1.07,1.17,1.26,1.33,2.75,1.21,0.72,0.96,1.07,1.19,1.30,1.40,3.28
Wyoming,County,WV,1.11,0.99,1.03,1.06,1.10,1.16,1.20,1.32,1.12,0.96,1.03,1.06,1.11,1.15,1.24,1.38,1.12,0.92,1.03,1.06,1.11,1.15,1.26,1.44,1.12,0.75,1.02,1.06,1.10,1.15,1.26,1.56,1.12,0.61,1.00,1.06,1.10,1.17,1.27,1.66,1.12,0.61,0.96,1.05,1.10,1.18,1.30,1.79
Wythe,County,VA,1.11,0.99,1.05,1.07,1.10,1.14,1.17,1.32,1.11,0.98,1.02,1.05,1.11,1.15,1.19,1.38,1.11,0.93,1.00,1.05,1.11,1.16,1.20,1.38,1.11,0.84,0.98,1.03,1.12,1.18,1.22,1.70,1.11,0.78,0.95,1.00,1.12,1.19,1.24,2.26,1.11,0.68,0.92,0.99,1.12,1.20,1.29,2.29
Yates,County,NY,1.10,0.92,1.03,1.07,1.09,1.13,1.19,1.29,1.10,0.88,0.99,1.06,1.10,1.14,1.18,1.32,1.10,0.87,0.98,1.04,1.10,1.15,1.22,1.38,1.11,0.76,0.94,1.01,1.11,1.18,1.29,1.59,1.12,0.65,0.92,1.00,1.11,1.21,1.34,1.89,1.14,0.54,0.91,0.99,1.10,1.24,1.42,2.92
York,County,PA,1.11,0.99,1.02,1.06,1.11,1.14,1.19,1.30,1.12,0.96,1.01,1.06,1.12,1.16,1.23,1.60,1.13,0.90,0.99,1.05,1.12,1.17,1.27,2.00,1.14,0.81,0.96,1.03,1.11,1.21,1.31,2.79,1.15,0.73,0.94,1.02,1.11,1.24,1.36,3.61,1.17,0.53,0.91,1.01,1.11,1.27,1.42,4.61
York,County,VA,1.09,0.94,1.02,1.05,1.09,1.12,1.19,1.25,1.09,0.91,0.98,1.04,1.09,1.14,1.19,1.29,1.09,0.89,0.98,1.03,1.09,1.14,1.22,1.41,1.09,0.79,0.94,1.00,1.09,1.16,1.28,1.81,1.10,0.66,0.91,0.98,1.08,1.18,1.31,2.25,1.10,0.44,0.89,0.96,1.07,1.21,1.37,2.59
