ID,Longterm SID,POR Start,POR End,Lat,Lon,rp_b_2-yr,rp_b_5-yr,rp_b_10-yr,rp_b_25-yr,rp_b_50-yr,rp_b_100-yr,FID,key_ix
USC00449301,USC00449301 6,"1893","2020",36.9617,-81.087,2.18514216894356,2.82409213920451,3.25231067000839,3.79933739020431,4.20950519286416,4.62034785211505,"5618",id49_181
USC00443267,USC00443267 6,"1948","2017",36.6633,-80.9139,0,0,0,0,0,0,"5617",id49_182
USC00443272,USC00443272 6,"1907","2020",36.65452,-80.91732,0,0,0,0,0,0,"5617",id49_182
USC00448169,USC00448169 6,"1913","2020",36.6365,-80.2545,2.79024990757031,3.69933383215182,4.41847432786835,5.48686016817778,6.41360823048515,7.46459562115677,"5646",id49_183
USC00445453,USC00445453 6,"1950","2020",36.6667,-80.4481,3.43264591643166,4.50112163620519,5.28328626956241,6.36573567004947,7.242767516046,8.18110514785061,"5646",id49_183
USC00449272,USC00449272 6,"1951","2020",36.77363,-80.26233,0,0,0,0,0,0,"5646",id49_183
USC00446692,USC00446692 6,"1953","2017",36.7764,-80.0272,0,0,0,0,0,0,"5646",id49_183
USC00445300,USC00445300 6,"1930","2020",36.7056,-79.865,0,0,0,0,0,0,"5645",id49_184
USC00447338,USC00447338 6,"1894","2020",36.9769,-79.8961,2.9725093126052,4.00420792810464,4.68236796892942,5.53366682822374,6.16122427418698,6.78081137573422,"5645",id49_184
USW00013728,USW00013728 6,"1945","2020",36.5729,-79.3351,0,0,0,0,0,0,"5648",id49_185
USC00442245,USC00442245 6,"1891","2020",36.56269,-79.36331,2.78652367937125,3.56717917639154,4.08452112775769,4.73873150033757,5.22445732217096,5.70692978601251,"5648",id49_185
USC00441614,USC00441614 6,"1922","2020",36.82204,-79.4102,2.77862415481817,3.8143438712096,4.61879990247025,5.79402854093942,6.79715850394843,7.91920403007955,"5648",id49_185
USC00441746,USC00441746 6,"1891","2020",36.6213,-78.5506,2.7216181748423,3.57596087031927,4.12663746099977,4.80581355087752,5.29795730687449,5.77682207861226,"5647",id49_186
USC00441180,USC00441180 6,"1948","2020",36.60028,-78.30112,2.41402454106231,3.05283574496084,3.50853534765182,4.12452436563636,4.6124082198656,5.12439362277059,"5642",id49_187
USC00441606,USC00441606 6,"1947","2020",36.7775,-78.4756,2.56074097988317,3.2550862745139,3.63963926172955,4.05388311323057,4.31675772620433,4.54541405959818,"5642",id49_187
USC00442790,USC00442790 6,"1893","2020",36.6983,-77.5597,2.66020617461614,3.48206804483406,4.09980103467068,4.97553656235969,5.70174844098812,6.49425955421425,"5641",id49_188
USC00448129,USC00448129 6,"1948","2020",36.9742,-77.4041,0,0,0,0,0,0,"5644",id49_189
USC00444044,USC00444044 6,"1933","2018",36.683,-76.7684,3.08027131716653,4.32628851251754,5.31194019743588,6.77623444383236,8.04637802885145,9.48677054515901,"5643",id49_190
USC00448192,USC00448192 6,"1945","2020",36.7297,-76.6015,2.88491237942892,3.9353466868161,4.76364262849179,5.99057499865732,7.05184887915539,8.25249315410464,"5643",id49_190
USC00448837,USC00448837 6,"1926","2020",36.5954,-76.4388,2.63060408787741,3.7758006364077,5.00748499137467,7.44494426062499,10.2189565013536,14.1933851713371,"5637",id49_191
USW00013769,USW00013769 6,"1945","2020",36.81667,-76.03333,0,0,0,0,0,0,"5637",id49_191
USW00013737,USW00013737 6,"1946","2020",36.9033,-76.1922,3.12523382375549,4.23291939045631,5.00624945674981,6.03134903603901,6.8280452354836,7.65074562680624,"5637",id49_191
USW00013750,USW00013750 6,"1945","2020",36.93746,-76.28926,0,0,0,0,0,0,"5637",id49_191
USC00440385,USC00440385 6,"1953","2015",36.662,-75.9115,0,0,0,0,0,0,"5635",id49_192
USC00441209,USC00441209 6,"1896","2020",37.0908,-81.33639,2.19006937929071,2.79880073412121,3.18051706032924,3.63981756782251,3.96471091591441,4.27444941359609,"5449",id50_181
USW00003859,USW00003859 6,"1959","2020",37.2978,-81.20366,0,0,0,0,0,0,"5449",id50_181
USC00467207,USC00467207 6,"1900","2020",37.3854,-81.08233,1.7721056756025,2.28587081816326,2.71179978706379,3.37249219863973,3.96976742607901,4.67149494000184,"5449",id50_181
USC00446955,USC00446955 6,"1920","2020",37.0556,-80.7842,0,0,0,0,0,0,"5448",id50_182
USC00446999,USC00446999 6,"1968","2020",37.2008,-80.5864,0,0,0,0,0,0,"5448",id50_182
USC00448022,USC00448022 6,"1951","2020",37.27866,-80.68884,0,0,0,0,0,0,"5448",id50_182
USC00441999,USC00441999 6,"1940","2020",37.08169,-80.13486,3.12114712435516,4.34057204481711,5.21928786464781,6.41804498517884,7.37596340330336,8.38882790871645,"5451",id50_183
USC00444676,USC00444676 6,"1951","2016",37.2392,-80.1994,0,0,0,0,0,0,"5451",id50_183
USC00440766,USC00440766 6,"1952","2020",37.2039,-80.4144,0,0,0,0,0,0,"5451",id50_183
USC00444148,USC00444148 6,"1950","2020",37.12587,-79.5251,2.560516278837,3.43595970299201,4.08505592194177,4.99387184957659,5.73853521864682,6.54291463928922,"5450",id50_184
USW00013741,USW00013741 6,"1948","2020",37.3169,-79.9741,2.5642018274982,3.44705811008038,4.10103637961618,5.01590401888331,5.76490762901483,6.5734061567068,"5450",id50_184
USC00440551,USC00440551 6,"1893","2020",37.33388,-79.50684,2.67406498554712,3.63620712261928,4.3648760565893,5.40505571456442,6.27339924703326,7.22641995218364,"5450",id50_184
USC00440166,USC00440166 6,"1945","2020",37.1122,-79.2751,0,0,0,0,0,0,"5445",id50_185
USW00013733,USW00013733 6,"1944","2020",37.32126,-79.20656,2.51812519088354,3.33357549545952,3.97297442251382,4.91522273533871,5.72622481376558,6.63985523557072,"5445",id50_185
USC00441082,USC00441082 6,"1950","2020",37.0679,-78.9517,0,0,0,0,0,0,"5444",id50_186
USC00441955,USC00441955 6,"1950","2020",37.2819,-78.9591,2.61382065461313,3.49452797287648,4.14649702597268,5.05802167573359,5.80386864249081,6.60857364674965,"5444",id50_186
USC00440243,USC00440243 6,"1937","2020",37.3261,-78.8274,2.68751321668311,3.72994172022662,4.59924520500579,5.95502824123116,7.18704316799688,8.64095709527365,"5444",id50_186
USC00441585,USC00441585 6,"1946","2015",37.0521,-78.6496,2.58068230834342,3.6166401931901,4.48287032023282,5.83721456233243,7.07083919647952,8.52961002863678,"5444",id50_186
USC00442941,USC00442941 6,"1897","2020",37.3263,-78.3864,2.67273162571477,3.48512814905651,4.11003985017558,5.01490091678745,5.78069520824807,6.63105083245984,"5447",id50_187
USC00440187,USC00440187 6,"1970","2020",37.3451,-77.9781,0,0,0,0,0,0,"5446",id50_188
USC00444101,USC00444101 6,"1916","2020",37.2992,-77.2775,2.64534281732235,3.65260425303886,4.40824810014227,5.47763255811391,6.36294576142376,7.32770377950119,"5441",id50_189
USC00449151,USC00449151 6,"1948","2020",37.3017,-76.7039,2.71076044294609,4.06411455866813,5.61534426961046,8.87690807111371,12.8047363415274,18.7153199474599,"5440",id50_190
USC00442635,USC00442635 6,"1909","2015",37.3876,-75.9744,0,0,0,0,0,0,"5442",id50_192
USC00469610,USC00469610 6,"1951","2017",37.6731,-82.2762,0,0,0,0,0,0,"5244",id51_179
USC00469416,USC00469416 6,"1901","2020",37.8663,-81.98441,0,0,0,0,0,0,"5243",id51_180
USC00465600,USC00465600 6,"1941","2020",37.74467,-81.88732,0,0,0,0,0,0,"5243",id51_180
USC00467029,USC00467029 6,"1908","2018",37.5741,-81.5355,2.10110193662801,2.58410908847136,2.89470489706541,3.27696774025948,3.55339182944803,3.82188761954461,"5243",id51_180
USC00466325,USC00466325 6,"1940","2020",37.5784,-81.3272,0,0,0,0,0,0,"5246",id51_181
USW00003872,USW00003872 6,"1963","2020",37.7836,-81.123,0,0,0,0,0,0,"5246",id51_181
USC00460580,USC00460580 6,"1893","2020",37.76475,-81.19405,2.01896725143415,2.51381150314686,2.85904204171823,3.31637383569732,3.6715861030024,4.03819850599893,"5246",id51_181
USC00460939,USC00460939 6,"1943","2020",37.64128,-80.88331,1.77644994916854,2.30267478949536,2.73148790488399,3.38617928396028,3.96911732407938,4.64515700756807,"5245",id51_182
USC00460102,USC00460102 6,"1944","2020",37.72716,-80.65837,1.87553500310815,2.44783140314659,2.88181533786897,3.50206318622166,4.02043634126609,4.58991170539963,"5245",id51_182
USC00446012,USC00446012 6,"1907","2020",37.5092,-80.098,0,0,0,0,0,0,"5239",id51_183
USC00465224,USC00465224 6,"1852","2020",37.8566,-80.4042,2.11450484470497,2.74376108006034,3.17042891621905,3.72124580235699,4.1385008798557,4.5600883145716,"5239",id51_183
USC00469522,USC00469522 6,"1888","2020",37.78839,-80.30835,1.97116883460841,2.58196470028859,3.0497672350641,3.72445184770776,4.29326963461376,4.92284216194897,"5239",id51_183
USC00442044,USC00442044 6,"1960","2020",37.81112,-79.98822,0,0,0,0,0,0,"5237",id51_184
USC00444128,USC00444128 6,"1893","2020",37.99951,-79.83227,0,0,0,0,0,0,"5237",id51_184
USC00444039,USC00444039 6,"1960","2020",37.5443,-79.403,0,0,0,0,0,0,"5242",id51_185
USC00443375,USC00443375 6,"1967","2020",37.61838,-79.43575,0,0,0,0,0,0,"5242",id51_185
USC00446593,USC00446593 6,"1926","2020",37.6694,-79.2774,0,0,0,0,0,0,"5242",id51_185
USC00441159,USC00441159 6,"1937","2020",37.7268,-79.3629,0,0,0,0,0,0,"5242",id51_185
USC00444876,USC00444876 6,"1889","2020",37.7767,-79.4385,2.30849176542933,3.26507668228839,4.2356947639707,6.05357903628699,8.01831828408699,10.7101914570352,"5242",id51_185
USC00445690,USC00445690 6,"1948","2020",37.8444,-79.1303,0,0,0,0,0,0,"5242",id51_185
USC00448600,USC00448600 6,"1937","2015",37.6363,-78.9336,2.76249691302066,3.62523133762527,4.23817383723855,5.06366422794954,5.71515259103738,6.39675215356881,"5241",id51_186
USC00441136,USC00441136 6,"1894","2020",37.5083,-78.5333,2.54323327590392,3.48533505884299,4.22031727505982,5.29841058296779,6.22221552055857,7.2589724968093,"5241",id51_186
USC00440993,USC00440993 6,"1939","2018",37.7091,-78.2885,2.64661131154613,3.62115857913793,4.33507048080704,5.32370289813209,6.12522125671857,6.98322287727515,"5268",id51_187
USC00446491,USC00446491 6,"1957","2020",37.8141,-78.2645,0,0,0,0,0,0,"5268",id51_187
USC00448054,USC00448054 6,"1938","2020",37.6664,-77.8769,2.66572646866961,3.89642654786985,4.94289088971006,6.60458904086402,8.14071898298974,9.98038408670528,"5267",id51_188
USW00013740,USW00013740 6,"1930","2020",37.51151,-77.32344,2.76809748059412,3.75165712578936,4.46862765192583,5.45704692571416,6.25492797255461,7.1058879838502,"5270",id51_189
USC00448829,USC00448829 6,"1932","2020",37.7434,-77.04,2.54646336974139,3.51549617765801,4.3037218242776,5.50514586874456,6.573193596767,7.8101330588457,"5270",id51_189
USC00440327,USC00440327 6,"1893","2020",37.75,-77.4833,2.69033245285615,3.62313111432024,4.19306433689583,4.86307268175723,5.3263616882545,5.75962520854698,"5270",id51_189
USC00448894,USC00448894 6,"1893","2020",37.9881,-76.7769,0,0,0,0,0,0,"5269",id51_190
USC00449025,USC00449025 6,"1954","2020",37.5658,-76.8,0,0,0,0,0,0,"5269",id51_190
USC00446475,USC00446475 6,"1955","2020",37.5844,-75.8217,0,0,0,0,0,0,"5263",id51_192
USW00093739,USW00093739 6,"1966","2020",37.93722,-75.47083,0,0,0,0,0,0,"5266",id51_193
USW00003860,USW00003860 6,"1961","2020",38.36532,-82.55485,0,0,0,0,0,0,"5016",id52_178
USC00469321,USC00469321 6,"1925","2016",38.226,-82.4431,0,0,0,0,0,0,"5019",id52_179
USC00465563,USC00465563 6,"1894","2020",38.10263,-81.84643,2.23023664893709,2.75694170888854,3.09705825381938,3.51723221429207,3.82218733399757,4.11931827285857,"5018",id52_180
USW00013866,USW00013866 6,"1947","2020",38.3794,-81.59,2.06963677392917,2.64281720689379,3.05200774249468,3.60550825642734,4.04419011982213,4.50480308168235,"5018",id52_180
USC00465365,USC00465365 6,"1934","2020",38.19345,-81.37007,2.01070045701024,2.53739906492981,2.91122453051382,3.41422141298876,3.81084371096496,4.22548631728426,"5058",id52_181
QUSW2,QUSW2 7,"1953","2017",38.47083,-81.28417,0,0,0,0,0,0,"5058",id52_181
USC00468614,USC00468614 6,"1967","2020",38.22015,-80.89378,0,0,0,0,0,0,"5057",id52_182
USC00461215,USC00461215 6,"1952","2020",38.18731,-80.13359,0,0,0,0,0,0,"5060",id52_183
USC00465672,USC00465672 6,"1893","2016",38.2175,-80.0914,0,0,0,0,0,0,"5060",id52_183
USC00449159,USC00449159 6,"1939","2020",38.17934,-79.58163,0,0,0,0,0,0,"5059",id52_184
USC00448062,USC00448062 6,"1893","2020",38.1692,-79.0844,2.35097769635512,3.24846589248466,3.9358315585366,4.92716396589299,5.76293085725784,6.68795317037855,"5054",id52_185
USC00442208,USC00442208 6,"1893","2020",38.4547,-78.9352,2.16835970363519,2.86995828637782,3.4154527378911,4.2131079178907,4.89456527824466,5.65738878388272,"5053",id52_186
USC00441593,USC00441593 6,"1893","2020",38.0329,-78.5226,3.17601807554078,4.38853759827213,5.23458309504873,6.3555020153612,7.22623943203283,8.12502153344126,"5053",id52_186
USC00443213,USC00443213 6,"1955","2020",38.09079,-78.58937,0,0,0,0,0,0,"5053",id52_186
USC00445050,USC00445050 6,"1916","2020",38.0421,-78.0061,2.64163230725578,3.87011912442583,5.02867337551948,7.05444069527251,9.10651377825558,11.7651533821625,"5056",id52_187
USW00093736,USW00093736 6,"1962","2020",38.1374,-78.4552,0,0,0,0,0,0,"5056",id52_187
USC00446712,USC00446712 6,"1946","2020",38.2323,-78.1202,2.67259571197133,3.78309357319833,4.70323444001536,6.12982286629817,7.41886128931284,8.93270702727143,"5056",id52_187
USC00447904,USC00447904 6,"1945","2020",38.2456,-78.2703,0,0,0,0,0,0,"5056",id52_187
USC00442009,USC00442009 6,"1959","2020",38.2022,-77.3747,0,0,0,0,0,0,"5050",id52_189
USC00185865,USC00185865 6,"1927","2020",38.4927,-76.7259,0,0,0,0,0,0,"5049",id52_190
USW00013721,USW00013721 6,"1945","2020",38.3,-76.41667,0,0,0,0,0,0,"5052",id52_191
USC00187330,USC00187330 6,"1894","2020",38.2122,-75.6822,2.90901445271438,4.07522997102055,4.98726429939052,6.32804229547758,7.47939418360641,8.77387996022641,"5051",id52_192
USW00093720,USW00093720 6,"1948","2020",38.34083,-75.51325,3.13732975407561,3.93356952349476,4.41429697524555,4.97344231538739,5.35605892394384,5.71073446528593,"5051",id52_192
USC00188380,USC00188380 6,"1916","2020",38.23173,-75.37606,3.11068339674366,4.26448784296527,5.07089492578324,6.14089793220691,6.97328926713016,7.833550273843,"5045",id52_193
USC00464200,USC00464200 6,"1915","2020",38.68416,-82.18384,2.23362382172205,2.83661017484494,3.25958773739431,3.82269075613688,4.26215573958784,4.71757636453773,"4835",id53_179
USC00469683,USC00469683 6,"1938","2020",38.5277,-81.91535,2.09732157629981,2.52493694312102,2.81378872989409,3.18541788189466,3.46600327245438,3.74870511655471,"4833",id53_180
USC00467552,USC00467552 6,"1941","2020",38.81727,-81.71178,2.15634329350496,2.83297136884491,3.38097126002241,4.21291400258648,4.94968036480323,5.80016835114693,"4833",id53_180
USC00467287,USC00467287 6,"1969","2020",38.91862,-81.91088,0,0,0,0,0,0,"4833",id53_180
USC00468384,USC00468384 6,"1892","2020",38.80088,-81.35846,2.07837700905917,2.66159763474471,2.99836413246716,3.37480984303927,3.62256139306529,3.8447845588561,"4839",id53_181
USC00463648,USC00463648 6,"1941","2020",38.9099,-81.08443,0,0,0,0,0,0,"4839",id53_181
USC00468662,USC00468662 6,"1917","2020",38.66026,-80.6964,2.03907339643242,2.55162941544857,2.91939093464871,3.41913764628129,3.81697529953748,4.23628107006401,"4837",id53_182
USC00463361,USC00463361 6,"1918","2020",38.6649,-80.7672,0,0,0,0,0,0,"4837",id53_182
USC00461282,USC00461282 6,"1949","2020",38.84575,-80.62006,2.03494256546125,2.57537102116735,2.96029273415388,3.47987731465114,3.89084680815639,4.32161964692052,"4837",id53_182
USC00463544,USC00463544 6,"1888","2020",38.93399,-80.83176,0,0,0,0,0,0,"4837",id53_182
USC00464971,USC00464971 6,"1939","2020",38.63125,-80.08545,0,0,0,0,0,0,"4828",id53_183
USC00463798,USC00463798 6,"1960","2020",38.61956,-80.3821,0,0,0,0,0,0,"4828",id53_183
USC00467649,USC00467649 6,"1953","2020",38.8561,-80.3074,0,0,0,0,0,0,"4828",id53_183
USC00461220,USC00461220 6,"1888","2020",38.9803,-80.2201,0,0,0,0,0,0,"4828",id53_183
USW00013729,USW00013729 6,"1926","2020",38.88989,-79.85544,1.82724598117486,2.39554275039439,2.86631343489367,3.5960385817685,4.25526746876654,5.02932752801349,"4827",id53_184
USC00460509,USC00460509 6,"1944","2020",38.5312,-79.7714,0,0,0,0,0,0,"4827",id53_184
USC00445096,USC00445096 6,"1941","2020",38.6661,-78.3727,2.65970954720588,3.79206687509125,4.77158063620835,6.35189373048016,7.8350842604001,9.63458728260535,"4823",id53_187
USC00449263,USC00449263 6,"1889","2020",38.8969,-78.4679,2.26051921729295,3.18566608554248,3.95873449137915,5.16669133000056,6.26634265750613,7.56604654550352,"4823",id53_187
USC00448888,USC00448888 6,"1897","2016",38.6812,-77.7678,0,0,0,0,0,0,"4822",id53_188
USC00182325,USC00182325 6,"1948","2020",38.9385,-77.1134,2.69754307857791,3.64575257241695,4.40026941367365,5.5272865568443,6.50997085640983,7.6293419606407,"4825",id53_189
USW00013773,USW00013773 6,"1945","2020",38.50362,-77.30503,0,0,0,0,0,0,"4825",id53_189
USW00013743,USW00013743 6,"1941","2020",38.8472,-77.03454,2.39111390184554,3.40072982989311,4.24624165944143,5.5700849621154,6.77757460110982,8.20711247767912,"4825",id53_189
USC00448737,USC00448737 6,"1925","2020",38.8922,-77.2892,2.61884406514003,3.59705653072152,4.44651778406684,5.82194320194064,7.11726175209998,8.69344885269054,"4825",id53_189
USW00093738,USW00093738 6,"1960","2020",38.9349,-77.4473,0,0,0,0,0,0,"4825",id53_189
USC00189070,USC00189070 6,"1956","2016",38.8519,-76.7683,0,0,0,0,0,0,"4824",id53_190
USC00186350,USC00186350 6,"1948","2020",38.9133,-76.97,2.72305835871763,3.76628684803136,4.55357355755937,5.67379928764457,6.60605783869585,7.6265106140239,"4824",id53_190
USC00187806,USC00187806 6,"1948","2020",38.7152,-76.1907,2.94157243231623,4.14330765026044,5.14229554249971,6.69579309221966,8.10354176713033,9.76087483339075,"4864",id53_191
USC00188557,USC00188557 6,"1926","2020",38.972,-76.338,0,0,0,0,0,0,"4864",id53_191
USW00013752,USW00013752 6,"1945","2020",38.9913,-76.4891,0,0,0,0,0,0,"4864",id53_191
USW00013764,USW00013764 6,"1945","2020",38.68974,-75.36253,0,0,0,0,0,0,"4866",id53_193
USC00075320,USC00075320 6,"1945","2020",38.7841,-75.1581,2.90124373907909,3.79329528908803,4.3910096705294,5.15440792169431,5.7267043128816,6.29984909947338,"4866",id53_193
USC00281351,USC00281351 6,"1894","2020",38.95341,-74.93611,2.60158521196187,3.52912955156938,4.31703054726279,5.56699196165232,6.72147742913758,8.10303800150786,"4865",id53_194
USW00003804,USW00003804 6,"1948","2020",39.3395,-81.4438,0,0,0,0,0,0,"4611",id54_181
USC00465963,USC00465963 6,"1927","2020",39.46998,-80.85708,2.13783767111781,2.74163368389668,3.20632207671215,3.87949624629407,4.44946641161503,5.08261650843545,"4610",id54_182
USW00003802,USW00003802 6,"1939","2020",39.29556,-80.22889,0,0,0,0,0,0,"4613",id54_183
USC00461677,USC00461677 6,"1922","2020",39.2682,-80.3522,1.97897536734823,2.68812092224318,3.30135479814513,4.29043699264597,5.21847529403145,6.34416391263386,"4613",id54_183
USC00468986,USC00468986 6,"1948","2020",39.31343,-80.02985,0,0,0,0,0,0,"4613",id54_183
USC00469436,USC00469436 6,"1890","2017",39.044,-80.4725,2.2183073994042,2.88547622455133,3.35147571007992,3.969448131785,4.44992500587358,4.94625640382134,"4613",id54_183
USC00466982,USC00466982 6,"1896","2017",39.1461,-80.0411,2.04063498082628,2.8132234983246,3.4791447870195,4.54996508571108,5.55180968921062,6.76402557716986,"4613",id54_183
USC00462920,USC00462920 6,"1892","2020",39.4583,-80.1353,2.057212200134,2.62667158469977,3.01117429031501,3.50567494411294,3.87889054264715,4.25480191709977,"4613",id54_183
USC00467785,USC00467785 6,"1884","2018",39.3419,-79.6697,2.13808474109125,2.82850306635026,3.3238330334873,3.99687087729829,4.53261566627656,5.09722883553752,"4612",id54_184
USC00460633,USC00460633 6,"1938","2017",39.023,-79.933,2.08771214431063,2.69446470318028,3.11648882770831,3.67401793888927,4.1059046075902,4.55064570752447,"4612",id54_184
USC00466867,USC00466867 6,"1899","2020",39.0736,-79.634,0,0,0,0,0,0,"4612",id54_184
USC00464264,USC00464264 6,"1948","2019",39.4467,-79.5469,2.09230292017521,2.84539154645326,3.38662747169718,4.1232091518274,4.71043539534243,5.33011289417209,"4612",id54_184
USC00460527,USC00460527 6,"1902","2020",39.2728,-79.3684,2.08885520323679,2.77612718511005,3.30260156923907,4.06203664626805,4.70241298034455,5.41128784765626,"4649",id54_185
USC00186620,USC00186620 6,"1893","2020",39.41317,-79.40025,2.00053023946386,2.67797703544867,3.18571514532149,3.90364443305227,4.49750414137489,5.14419603890686,"4649",id54_185
USC00467730,USC00467730 6,"1870","2020",39.33898,-78.77106,0,0,0,0,0,0,"4647",id54_186
USC00466163,USC00466163 6,"1892","2017",39.0461,-78.9664,0,0,0,0,0,0,"4647",id54_186
USC00469281,USC00469281 6,"1917","2016",39.10592,-78.58089,2.0944115278593,2.78366064222507,3.35319985939054,4.23398643146013,5.02792975395327,5.95840971961266,"4647",id54_186
USC00449186,USC00449186 6,"1912","2020",39.1833,-78.1167,2.48996564207658,3.28453088778291,3.7871612562258,4.39672256623865,4.83122506388233,5.2481592861088,"4653",id54_187
USC00445851,USC00445851 6,"1915","2017",39.0643,-77.8883,2.47103204225304,3.48627694766674,4.29436828399022,5.50172862273284,6.55473374447502,7.75446706016262,"4651",id54_188
USC00444909,USC00444909 6,"1900","2020",39.14216,-77.70939,2.37087873339153,3.22006567360458,3.94616469036953,5.10511275959173,6.18176421419508,7.47660956048658,"4651",id54_188
USW00013734,USW00013734 6,"1926","2020",39.4038,-77.945,2.5171421050104,3.07610856963729,3.3446530464763,3.59993939156367,3.7430609324581,3.85524782166273,"4651",id54_188
USC00181125,USC00181125 6,"1948","2017",39.1911,-77.0069,0,0,0,0,0,0,"4641",id54_189
USW00013730,USW00013730 6,"1948","2016",39.41667,-77.38333,0,0,0,0,0,0,"4641",id54_189
USC00180700,USC00180700 6,"1941","2020",39.0302,-76.9315,2.50946197858145,3.48226656009773,4.32450919353459,5.6844698755797,6.96184827846694,8.51268680526545,"4639",id54_190
USC00185111,USC00185111 6,"1895","2015",39.0847,-76.9002,2.73369886892347,3.49704448139521,4.01093292928311,4.67006419429014,5.16623848675576,5.6648929794831,"4639",id54_190
USW00013701,USW00013701 6,"1919","2020",39.4716,-76.1697,0,0,0,0,0,0,"4645",id54_191
USC00072730,USC00072730 6,"1893","2020",39.1467,-75.5055,2.98049879074178,4.10638229335275,4.90855314708139,5.99167471416626,6.84861943854438,7.74707298970073,"4643",id54_192
USW00013735,USW00013735 6,"1947","2020",39.36623,-75.0778,0,0,0,0,0,0,"4634",id54_193
USC00281033,USC00281033 6,"1948","2020",39.4871,-75.2201,0,0,0,0,0,0,"4634",id54_193
USW00093730,USW00093730 6,"1958","2020",39.45202,-74.56699,0,0,0,0,0,0,"4633",id54_194
USC00285346,USC00285346 6,"1944","2020",39.45044,-74.74723,2.91919449097433,3.95811272539188,4.76990715920581,5.96239647348314,6.98564713710617,8.13537379988561,"4633",id54_194
USW00013724,USW00013724 6,"1873","2020",39.37778,-74.42361,2.5251881858491,3.69516501660071,4.71646119071777,6.37813407765071,7.95024648789415,9.87081989483579,"4637",id54_195
USC00466248,USC00466248 6,"1963","2020",39.9055,-80.7549,0,0,0,0,0,0,"4307",id55_182
USC00465626,USC00465626 6,"1946","2019",39.5436,-80.4647,2.18185388620831,2.70104465680665,3.03691318885724,3.45251183456307,3.7546225761908,4.04937613717306,"4292",id55_183
USC00369367,USC00369367 6,"1948","2020",39.8986,-80.1656,0,0,0,0,0,0,"4292",id55_183
USC00367073,USC00367073 6,"1951","2020",39.7275,-79.913,0,0,0,0,0,0,"4289",id55_184
USC00466212,USC00466212 6,"1921","2020",39.6203,-79.9698,1.91336486534958,2.48941296868954,2.90576542116127,3.47531914300713,3.93165232868417,4.41525028168155,"4289",id55_184
USW00013736,USW00013736 6,"1872","2020",39.64278,-79.91639,1.96502824948896,2.66941484162963,3.22390595831301,4.04398675282015,4.75228796470782,5.55258822730213,"4289",id55_184
USC00465002,USC00465002 6,"1928","2020",39.7204,-79.8561,1.69782345265725,2.22265858007393,2.65416017752925,3.31837928800734,3.91445518916087,4.61038736643341,"4289",id55_184
USC00369050,USC00369050 6,"1894","2018",39.915,-79.7191,1.92916742342861,2.52799076102688,3.0480735811244,3.89029210358952,4.68356076272461,5.64894351457538,"4289",id55_184
USC00365686,USC00365686 6,"1963","2019",39.7808,-79.041,0,0,0,0,0,0,"4298",id55_185
USC00361705,USC00361705 6,"1946","2020",39.79944,-79.36639,1.97940238001329,2.59912715633401,3.08390423009302,3.79673993512058,4.40900323480031,5.09751416093748,"4298",id55_185
USC00188065,USC00188065 6,"1945","2020",39.5099,-79.1401,2.04259273210896,2.85175836492322,3.5056277557009,4.49624223154256,5.3717909507262,6.38076959304775,"4298",id55_185
USC00188315,USC00188315 6,"1928","2020",39.5227,-79.4131,0,0,0,0,0,0,"4298",id55_185
USC00368254,USC00368254 6,"1948","2020",39.997,-79.08334,1.8620931128601,2.38290531060752,2.78754752816063,3.37885095431035,3.88369778553023,4.44851856282117,"4298",id55_185
USC00466674,USC00466674 6,"1945","2020",39.50932,-78.29739,2.21653627929146,2.93396590424372,3.57851484035784,4.65564604652056,5.70096129314126,7.00617668599411,"4279",id55_187
USC00181790,USC00181790 6,"1899","2020",39.64034,-77.69778,0,0,0,0,0,0,"4276",id55_188
USC00189570,USC00189570 6,"1938","2020",39.6109,-77.8471,0,0,0,0,0,0,"4276",id55_188
USC00368308,USC00368308 6,"1940","2020",39.85072,-77.5039,2.80514788779353,3.80154621469578,4.5868484251017,5.74957214664948,6.7548729000993,7.89177397596612,"4276",id55_188
USC00361354,USC00361354 6,"1894","2020",39.9353,-77.6394,2.23083104234535,2.94369618331542,3.44844194085695,4.12612004045213,4.65935761328751,5.21582427764556,"4276",id55_188
USC00182906,USC00182906 6,"1956","2020",39.6811,-77.2913,0,0,0,0,0,0,"4286",id55_189
USC00366289,USC00366289 6,"1924","2020",39.7342,-76.504,2.82288271491932,3.98925818006651,4.96893816236806,6.50704363511895,7.91362168965018,9.58258047066402,"4283",id55_190
USC00368379,USC00368379 6,"1932","2020",39.86952,-76.86321,2.25630882608745,2.92503923820669,3.45246988960221,4.23389995532547,4.90995639497928,5.67492454429568,"4283",id55_190
USC00369933,USC00369933 6,"1894","2017",39.91667,-76.75,2.21804273635716,3.11064230807967,3.92917555090759,5.32343805375354,6.70125154316208,8.44865488312479,"4283",id55_190
USC00182060,USC00182060 6,"1936","2020",39.65562,-76.17506,2.72916602982984,3.82667462812006,4.56694995259378,5.51810873216984,6.23532494006251,6.95716265471086,"4269",id55_191
USC00364019,USC00364019 6,"1914","2017",39.83333,-76.33333,2.48941112895658,3.22740763478287,3.64153374963455,4.09284968498498,4.38254916399437,4.63698223833688,"4269",id55_191
USC00367732,USC00367732 6,"1948","2020",39.92534,-76.38903,0,0,0,0,0,0,"4269",id55_191
USC00076410,USC00076410 6,"1894","2020",39.6682,-75.74569,2.64945863355499,3.70240492172103,4.53012283376408,5.75272987026649,6.80739227925553,7.99778770518806,"4267",id55_192
USC00079605,USC00079605 6,"1931","2020",39.7739,-75.5414,2.76474763589876,3.80022449420398,4.7521017868584,6.37719736750522,7.98659202120477,10.0314935638553,"4267",id55_192
USC00369464,USC00369464 6,"1893","2017",39.9708,-75.635,0,0,0,0,0,0,"4267",id55_192
USW00013781,USW00013781 6,"1948","2020",39.6744,-75.60567,2.61322526528605,3.46041386596174,4.13054771027644,5.12606755537206,5.9895600128174,6.96876370644833,"4267",id55_192
USW00013739,USW00013739 6,"1940","2020",39.87327,-75.22678,2.50444733147777,3.42650229853717,4.20701740327862,5.4412784916836,6.57776612629829,7.93420997930868,"4274",id55_193
USC00283662,USC00283662 6,"1893","2020",39.64415,-74.80478,0,0,0,0,0,0,"4271",id55_194
USC00284229,USC00284229 6,"1901","2020",39.79952,-74.78042,3.07365891939676,4.01364322386795,4.63002067381589,5.4020748632379,5.97000650235383,6.52971484941252,"4271",id55_194
USW00014894,USW00014894 6,"1948","2020",40.17639,-80.64722,0,0,0,0,0,0,"3874",id56_182
USC00469492,USC00469492 6,"1916","2020",40.1478,-80.7014,0,0,0,0,0,0,"3874",id56_182
USW00094823,USW00094823 6,"1948","2020",40.4846,-80.2144,1.93336669522578,2.47664804942528,2.82942375560242,3.26742095614976,3.58686366642705,3.89939820749687,"3881",id56_183
USC00366310,USC00366310 6,"1952","2020",40.2033,-79.6274,0,0,0,0,0,0,"3879",id56_184
USC00362190,USC00362190 6,"1926","2020",40.1636,-79.8694,2.09599654021759,2.73800152276768,3.15210015898219,3.66314633629391,4.03368485478255,4.39441110463621,"3879",id56_184
USC00361377,USC00361377 6,"1931","2020",40.1468,-79.8986,1.82391318179668,2.3051054530115,2.70997110544391,3.34662403023308,3.92971828205118,4.62248171822754,"3879",id56_184
USC00365573,USC00365573 6,"1928","2020",40.3391,-79.8604,0,0,0,0,0,0,"3879",id56_184
USW00014762,USW00014762 6,"1935","2020",40.35472,-79.92167,0,0,0,0,0,0,"3879",id56_184
USC00366111,USC00366111 6,"1948","2020",40.412,-79.7245,0,0,0,0,0,0,"3879",id56_184
USC00360861,USC00360861 6,"1943","2020",40.3916,-79.8594,1.89433807855014,2.45623576397078,2.92508286418872,3.65669319812809,4.32185152057173,5.10715193396518,"3879",id56_184
USC00362183,USC00362183 6,"1943","2020",40.1276,-79.4059,2.09149363118213,2.71949668307796,3.20605444222268,3.91523654189543,4.51923455932102,5.19356230848784,"3867",id56_185
USC00360821,USC00360821 6,"1960","2015",40.1597,-79.0287,0,0,0,0,0,0,"3867",id56_185
USC00362470,USC00362470 6,"1964","2020",40.46813,-78.73092,0,0,0,0,0,0,"3865",id56_186
USC00369823,USC00369823 6,"1950","2020",40.03942,-78.52386,0,0,0,0,0,0,"3865",id56_186
USC00362298,USC00362298 6,"1948","2016",40.2872,-78.7242,0,0,0,0,0,0,"3865",id56_186
USW00014736,USW00014736 6,"1948","2020",40.29639,-78.32028,2.02656063560103,2.66449408739775,3.1339865477029,3.78689462818682,4.31838901808729,4.8893157590302,"3871",id56_187
USC00369714,USC00369714 6,"1941","2020",40.4667,-78.2,0,0,0,0,0,0,"3871",id56_187
USC00360140,USC00360140 6,"1967","2020",40.4949,-78.4667,0,0,0,0,0,0,"3871",id56_187
USC00362721,USC00362721 6,"1897","2020",40.0136,-78.3653,2.11376344833379,2.91189441032857,3.41942390826598,4.03781881512835,4.48063861572964,4.90720327905071,"3871",id56_187
USC00368073,USC00368073 6,"1910","2020",40.05903,-77.52127,2.19126690620898,2.95529179531266,3.61320744110053,4.67022493851378,5.65832838529289,6.85305902704772,"3869",id56_188
USC00361920,USC00361920 6,"1840","2020",40.2258,-77.1894,0,0,0,0,0,0,"3936",id56_189
USC00369950,USC00369950 6,"1921","2018",40.11389,-76.71222,2.23740140103562,3.07719498460489,3.83374490416559,5.10127014461739,6.33433304011729,7.87718052875355,"3933",id56_190
USW00014711,USW00014711 6,"1941","2020",40.1962,-76.7724,0,0,0,0,0,0,"3933",id56_190
USW00014751,USW00014751 6,"1939","2020",40.21722,-76.85139,0,0,0,0,0,0,"3933",id56_190
USC00364763,USC00364763 6,"1948","2020",40.0499,-76.2742,0,0,0,0,0,0,"3942",id56_191
USC00364778,USC00364778 6,"1952","2020",40.11903,-76.4265,0,0,0,0,0,0,"3942",id56_191
USC00364896,USC00364896 6,"1948","2020",40.3333,-76.4667,0,0,0,0,0,0,"3942",id56_191
USC00366126,USC00366126 6,"1938","2017",40.3674,-76.3064,2.43605899320554,3.41136950638197,4.23954146199505,5.55294453645887,6.76563319298789,8.21644202941572,"3942",id56_191
USW00014712,USW00014712 6,"1949","2020",40.37338,-75.95924,0,0,0,0,0,0,"3939",id56_192
USC00365279,USC00365279 6,"1956","2020",40.0962,-75.7513,0,0,0,0,0,0,"3939",id56_192
USC00365956,USC00365956 6,"1951","2020",40.158,-75.8862,0,0,0,0,0,0,"3939",id56_192
USC00366681,USC00366681 6,"1941","2020",40.38567,-75.5019,2.37285017016529,3.16577650994942,3.83636189673468,4.89587621157532,5.87066112815891,7.03328930021915,"3939",id56_192
USW00094732,USW00094732 6,"1965","2020",40.07892,-75.01341,0,0,0,0,0,0,"3924",id56_193
USC00361737,USC00361737 6,"1923","2020",40.0744,-75.3179,2.63718941602085,3.44962418711049,4.08032702696921,5.00128477577658,5.78702244699295,6.66556449136263,"3924",id56_193
USC00366370,USC00366370 6,"1948","2020",40.10967,-75.33708,0,0,0,0,0,0,"3924",id56_193
USC00366927,USC00366927 6,"1893","2020",40.12113,-75.49415,2.63349720957188,3.50959111769138,4.12011348594483,4.92805479740818,5.55496662144014,6.20145393313489,"3924",id56_193
USC00363437,USC00363437 6,"1960","2020",40.22716,-75.43269,0,0,0,0,0,0,"3924",id56_193
USC00362221,USC00362221 6,"1899","2017",40.3,-75.13333,0,0,0,0,0,0,"3924",id56_193
USC00367938,USC00367938 6,"1948","2020",40.35515,-75.31313,0,0,0,0,0,0,"3924",id56_193
USC00366194,USC00366194 6,"1915","2020",40.1482,-74.953,2.99872251113259,3.91747417313434,4.53559347749161,5.32796411105931,5.92410768954837,6.52295024893526,"3921",id56_194
USC00283951,USC00283951 6,"1893","2020",40.26639,-74.56417,2.68030312052742,3.6772598284244,4.41676993317036,5.45258302265932,6.30162604792154,7.21905136387614,"3921",id56_194
USW00014792,USW00014792 6,"1945","2020",40.27679,-74.81594,0,0,0,0,0,0,"3921",id56_194
USC00284635,USC00284635 6,"1931","2020",40.35958,-74.94461,2.6653333278472,3.50832651293536,4.08896145251339,4.84926486031473,5.43319672511625,6.03013677671914,"3921",id56_194
USC00280847,USC00280847 6,"1956","2020",40.45928,-74.58366,0,0,0,0,0,0,"3921",id56_194
USC00289363,USC00289363 6,"1956","2020",40.45201,-74.77911,0,0,0,0,0,0,"3921",id56_194
USC00284987,USC00284987 6,"1907","2020",40.29696,-74.00153,3.04640772929868,3.89283934293042,4.46664200206819,5.20726469667055,5.76819766143241,6.33486562332594,"3930",id56_195
USC00283181,USC00283181 6,"1893","2020",40.31358,-74.25106,0,0,0,0,0,0,"3930",id56_195
USC00286055,USC00286055 6,"1968","2020",40.47282,-74.42259,0,0,0,0,0,0,"3930",id56_195
USC00360475,USC00360475 6,"1908","2020",40.7628,-80.3133,1.90210310953197,2.36600129998946,2.67079662399143,3.05325450365764,3.33508321783531,3.61324025802231,"3555",id57_183
USC00363343,USC00363343 6,"1944","2020",40.54886,-80.20578,1.78762817904102,2.28917451175095,2.65990150604536,3.17750927561322,3.60047845696743,4.05631254283888,"3555",id57_183
USC00365902,USC00365902 6,"1961","2020",40.6474,-80.3861,0,0,0,0,0,0,"3555",id57_183
USC00361139,USC00361139 6,"1967","2020",40.8415,-79.9163,0,0,0,0,0,0,"3553",id57_184
USC00367782,USC00367782 6,"1953","2020",40.5101,-79.5459,0,0,0,0,0,0,"3553",id57_184
USC00360022,USC00360022 6,"1905","2020",40.5361,-79.8152,1.90424507878779,2.41415591567737,2.80661297920299,3.3751802768877,3.85660647679868,4.39142207019836,"3553",id57_184
USC00366151,USC00366151 6,"1927","2020",40.6141,-79.7193,1.87807674107556,2.48212459362745,2.96093036437937,3.67358722279704,4.29286776223682,4.99623906901705,"3553",id57_184
USC00367863,USC00367863 6,"1891","2020",40.683,-79.6684,1.88133473372503,2.44234583914292,2.91987193850719,3.67887662665925,4.38117280917156,5.22290567689258,"3553",id57_184
USC00362942,USC00362942 6,"1943","2020",40.71507,-79.51345,2.03302487228134,2.58176363060044,2.9587974974599,3.4514045643473,3.82892621399735,4.21415298403493,"3553",id57_184
USC00367735,USC00367735 6,"1965","2016",40.7819,-79.2375,0,0,0,0,0,0,"3559",id57_185
USC00367229,USC00367229 6,"1943","2020",40.9248,-79.2825,1.9731452379814,2.57716543085158,3.06115964158774,3.78874153275502,4.4270475464972,5.15796385612187,"3559",id57_185
USC00364214,USC00364214 6,"1946","2020",40.5972,-79.1186,2.19369928780985,2.80187587655851,3.25105168760947,3.87772015536157,4.38944016597935,4.94058186871951,"3559",id57_185
USC00364992,USC00364992 6,"1938","2020",40.5864,-77.5692,2.27565814506365,2.85745248963091,3.21563699449909,3.63958872029586,3.93469401904347,4.21223098965454,"3545",id57_188
USC00368449,USC00368449 6,"1893","2020",40.7933,-77.8672,2.02430532178736,2.65352252491449,3.14272049630656,3.85802899892191,4.46911370528591,5.15314122778529,"3545",id57_188
USC00360482,USC00360482 6,"1946","2015",40.7741,-77.1574,2.48877438810376,3.1689699776142,3.63758806674535,4.25134853014478,4.72283288481754,5.20490832438236,"3551",id57_189
USC00365790,USC00365790 6,"1949","2020",40.8847,-77.475,2.34656497134583,3.19414647662912,3.81597539835633,4.67826143293368,5.37826342242359,6.12843247859708,"3551",id57_189
USC00367931,USC00367931 6,"1893","2020",40.7831,-76.8617,0,0,0,0,0,0,"3549",id57_190
USC00368668,USC00368668 6,"1926","2020",40.8532,-76.7891,0,0,0,0,0,0,"3549",id57_190
USC00360457,USC00360457 6,"1944","2020",40.82086,-76.49831,2.63296530618317,3.49565361887625,4.10080654594481,4.90643892482564,5.53518392121357,6.1867582855115,"3539",id57_191
USC00363632,USC00363632 6,"1894","2020",40.55156,-75.99105,0,0,0,0,0,0,"3536",id57_192
USC00368763,USC00368763 6,"1931","2020",40.8483,-75.9995,2.73588302840992,3.70709917157734,4.47255241800954,5.60588510657942,6.585772031875,7.69393042282111,"3536",id57_192
USC00364934,USC00364934 6,"1934","2020",40.8223,-75.6962,2.61800781960412,3.45410550155434,4.11756231619384,5.10603195747004,5.96580157069109,6.94310964524018,"3536",id57_192
USW00014737,USW00014737 6,"1939","2020",40.64985,-75.44771,2.52473624661382,3.3542586509595,3.99769590631703,4.93653852705839,5.73695384987423,6.63135220122939,"3543",id57_193
USC00286979,USC00286979 6,"1940","2020",40.69555,-75.19994,0,0,0,0,0,0,"3543",id57_193
USC00283029,USC00283029 6,"1898","2020",40.57401,-74.88156,2.70920773636781,3.64023566611194,4.34890397394334,5.36520707628772,6.21738900801265,7.15621921259455,"3541",id57_194
USC00280927,USC00280927 6,"1956","2020",40.55489,-74.57384,0,0,0,0,0,0,"3541",id57_194
USW00014734,USW00014734 6,"1931","2020",40.6825,-74.1694,2.75096468791074,3.66334323048562,4.30556146895326,5.1632150487153,5.83458716561308,6.53212939900333,"3529",id57_195
USC00281335,USC00281335 6,"1931","2020",40.7436,-74.3539,2.89423847018663,4.07241712014434,5.0506326579672,6.57012129437048,7.94557654821699,9.56340393809396,"3529",id57_195
USC00280907,USC00280907 6,"1893","2020",40.8917,-74.3962,0,0,0,0,0,0,"3529",id57_195
USW00014732,USW00014732 6,"1940","2020",40.77944,-73.88035,2.83486212168685,3.64089221320786,4.14986327539492,4.76612360226146,5.20471325938914,5.62501104337928,"3527",id57_196
USW00094728,USW00094728 6,"1869","2020",40.77898,-73.96925,2.90508589517155,3.9122391253463,4.59177357675416,5.4651253374141,6.12384528195016,6.78695832183241,"3527",id57_196
USW00094789,USW00094789 6,"1948","2020",40.63915,-73.76401,0,0,0,0,0,0,"3527",id57_196
USC00300961,USC00300961 6,"1894","2016",40.8369,-73.8494,0,0,0,0,0,0,"3527",id57_196
USW00004781,USW00004781 6,"1963","2020",40.79388,-73.10189,0,0,0,0,0,0,"3533",id57_197
USC00307633,USC00307633 6,"1885","2018",40.9586,-73.1047,2.71636275060284,3.62298299577562,4.28523299037548,5.19993126075858,5.93964240998792,6.72978258203556,"3533",id57_197
USW00014719,USW00014719 6,"1951","2020",40.84361,-72.63222,0,0,0,0,0,0,"3531",id57_198
USC00307134,USC00307134 6,"1938","2020",40.96245,-72.71612,2.87961102940037,3.89727555272228,4.70946155417461,5.92592568739309,6.98937216486864,8.20344503007829,"3531",id57_198
USC00300889,USC00300889 6,"1930","2020",40.952,-72.2977,2.9709440113084,3.98583434983326,4.73617018187167,5.78399205103975,6.6403937466562,7.56348707646209,"3597",id57_199
USC00366233,USC00366233 6,"1892","2020",41.0172,-80.3615,1.99070791964887,2.53013108031378,2.88012926602246,3.31437405663744,3.63086433649454,3.94033146160025,"3232",id58_183
USC00368184,USC00368184 6,"1949","2020",41.056,-80.0595,1.99000162900185,2.52857548643948,2.88067106470465,3.32049720573107,3.64318342772891,3.96048453435765,"3232",id58_183
USC00364325,USC00364325 6,"1931","2020",41.4992,-80.4681,1.97134881049814,2.61172123616516,3.10706927733982,3.82800591924823,4.44115112114192,5.12486816921134,"3232",id58_183
USC00363028,USC00363028 6,"1897","2020",41.4004,-79.8305,2.01814792140506,2.71401497127502,3.34194110116897,4.39558877760631,5.42208584908381,6.7080843403743,"3230",id58_184
USC00361485,USC00361485 6,"1884","2020",41.1922,-79.4361,2.0679694693149,2.7908887958526,3.33757410709976,4.1169146338852,4.76666195754469,5.47897712418693,"3220",id58_185
USC00368873,USC00368873 6,"1921","2020",41.4792,-79.4432,1.96491570185203,2.59914055734725,3.123387526804,3.93438032354294,4.66562692433076,5.5228445519743,"3220",id58_185
USW00004787,USW00004787 6,"1962","2020",41.17833,-78.89889,0,0,0,0,0,0,"3218",id58_186
USC00367477,USC00367477 6,"1893","2020",41.4196,-78.74921,1.95954704183832,2.6017124189875,3.14063391072975,3.98608403694754,4.75866115580001,5.67476761497102,"3218",id58_186
USC00368469,USC00368469 6,"1969","2020",41.40389,-78.01833,0,0,0,0,0,0,"3224",id58_187
USC00361480,USC00361480 6,"1950","2019",41.0489,-77.9411,2.14136712336337,2.73128292828635,3.14558096320385,3.69772035891891,4.12907606106068,4.57648755365859,"3222",id58_188
USC00367409,USC00367409 6,"1895","2020",41.3299,-77.7381,0,0,0,0,0,0,"3222",id58_188
USC00365109,USC00365109 6,"1948","2020",41.131,-77.4336,0,0,0,0,0,0,"3212",id58_189
USW00014778,USW00014778 6,"1945","2020",41.24295,-76.9218,2.32024852153792,3.1713910579188,3.85103556399753,4.86947643511598,5.76022173427759,6.77753554444103,"3210",id58_190
USC00360455,USC00360455 6,"1958","2020",41.1184,-75.7277,0,0,0,0,0,0,"3214",id58_192
USW00014777,USW00014777 6,"1948","2020",41.3336,-75.7269,2.09009234960226,2.88170277154532,3.54365874961626,4.57868007390434,5.52149524813304,6.63643287728403,"3214",id58_192
USC00368596,USC00368596 6,"1910","2020",41.01477,-75.20706,2.80063123030755,3.79837794317048,4.48011704368602,5.36635759764067,6.04224170049877,6.72906423797596,"3268",id58_193
USC00363758,USC00363758 6,"1897","2017",41.4764,-75.1652,2.18657129215712,2.86774988795439,3.40923806728128,4.21730866232205,4.92126908096165,5.72254001201842,"3268",id58_193
USC00286460,USC00286460 6,"1941","2020",41.0356,-74.50124,2.8349206956549,3.7018107070218,4.41127686168307,5.49876450103777,6.47074815179928,7.60163902565801,"3266",id58_194
USC00288644,USC00288644 6,"1893","2020",41.2214,-74.66261,2.55020996708212,3.40495181658934,4.04782248663217,4.95974448952264,5.7164034820008,6.54255050275622,"3266",id58_194
USC00306774,USC00306774 6,"1893","2020",41.3891,-74.6905,2.61246032378443,3.61813177285632,4.26390984195626,5.05768424906881,5.63097144478486,6.18723074257042,"3266",id58_194
USC00281582,USC00281582 6,"1893","2020",41.02996,-74.42477,3.10655313039976,4.07050198338675,4.73706650487119,5.61300495249336,6.28807481458227,6.98021234820625,"3272",id58_195
USC00289187,USC00289187 6,"1945","2020",41.0444,-74.2933,2.8115706972915,3.69384320729628,4.38900112150557,5.41798877645733,6.30743817375892,7.31310757720563,"3272",id58_195
USC00281327,USC00281327 6,"1948","2020",41.1093,-74.48276,3.02348353136563,3.95229546480488,4.63135778397794,5.57003546211137,6.32973070711831,7.14175675695516,"3272",id58_195
USC00309670,USC00309670 6,"1965","2017",41.2664,-73.7975,0,0,0,0,0,0,"3270",id58_196
USC00307742,USC00307742 6,"1950","2020",41.3325,-73.837,0,0,0,0,0,0,"3270",id58_196
USC00309292,USC00309292 6,"1890","2019",41.3906,-73.9608,2.85642974479726,3.73674615111638,4.37117976637381,5.23678140051414,5.9285531807725,6.66007297911774,"3270",id58_196
USW00094745,USW00094745 6,"1946","2020",41.06236,-73.70463,3.23405357223297,4.09136806481442,4.62185704780703,5.25260296823262,5.69360393407618,6.10990907497621,"3270",id58_196
USC00365050,USC00365050 6,"1920","2020",41.6458,-80.425,0,0,0,0,0,0,"2855",id59_183
USC00368888,USC00368888 6,"1954","2020",41.6309,-79.693,0,0,0,0,0,0,"2852",id59_184
USC00369042,USC00369042 6,"1950","2020",41.9004,-79.861,2.04468636123444,2.67954311633533,3.11304210483917,3.67624282896519,4.10551553958092,4.54152176078337,"2852",id59_184
USC00369298,USC00369298 6,"1893","2020",41.8467,-79.1494,2.11342133648277,2.76610401928537,3.26631678080496,3.98818010818511,4.59712663423469,5.27144781063898,"2859",id59_185
USC00364432,USC00364432 6,"1894","2020",41.6767,-78.8036,2.11281842314622,2.73424532200148,3.22729374742626,3.9617885060825,4.6005784090249,5.32662614574364,"2857",id59_186
USC00360868,USC00360868 6,"1934","2020",41.89801,-78.71431,2.14556764569529,2.74044144452519,3.14156368637162,3.65681124988296,4.04522624027534,4.4360545852642,"2857",id59_186
USW00004751,USW00004751 6,"1957","2020",41.8,-78.6333,0,0,0,0,0,0,"2857",id59_186
USC00363311,USC00363311 6,"1942","2020",41.56067,-78.59943,0,0,0,0,0,0,"2857",id59_186
USC00367103,USC00367103 6,"1948","2020",41.81568,-78.28734,0,0,0,0,0,0,"2911",id59_187
USC00363130,USC00363130 6,"1931","2020",41.7356,-77.6516,2.03486080099291,2.67937508748602,3.1763365426918,3.89750721073923,4.50912917466562,5.18951132952656,"2909",id59_188
USC00361832,USC00361832 6,"1938","2020",41.7375,-77.1158,1.950861468878,2.58661608421613,3.03602547643751,3.63851003437776,4.11189819335585,4.60530279226091,"2915",id59_189
USC00369408,USC00369408 6,"1926","2020",41.7004,-77.3871,0,0,0,0,0,0,"2915",id59_189
USC00362323,USC00362323 6,"1948","2020",41.5216,-76.4043,0,0,0,0,0,0,"2903",id59_191
USC00368905,USC00368905 6,"1894","2020",41.7511,-76.443,1.85861020570237,2.40877874054359,2.79665848915655,3.31540590291274,3.72205190643794,4.14505355045024,"2903",id59_191
USC00368692,USC00368692 6,"1935","2020",41.9478,-75.6047,1.91846201061657,2.51902970629506,3.03452395532315,3.86025372832265,4.6299546822086,5.55834094799858,"2901",id59_192
USC00367186,USC00367186 6,"1968","2020",41.589,-75.3303,0,0,0,0,0,0,"2907",id59_193
USC00365738,USC00365738 6,"1945","2020",41.6725,-75.0641,0,0,0,0,0,0,"2907",id59_193
USC00367029,USC00367029 6,"1924","2020",41.7394,-75.4465,2.35015946060964,2.99650446707503,3.42166843055735,3.95572597283954,4.34966915271411,4.73881734250358,"2907",id59_193
USC00362669,USC00362669 6,"1945","2015",41.87222,-75.26556,2.2714592428526,3.13212919694445,3.88637414374556,5.11801844479708,6.28731675817206,7.72004105619132,"2907",id59_193
USC00307205,USC00307205 6,"1956","2020",41.5916,-74.6143,0,0,0,0,0,0,"2905",id59_194
USC00304731,USC00304731 6,"1898","2020",41.8017,-74.74,2.55487021771406,3.27114902845992,3.73670815549079,4.31523625128383,4.73752854479587,5.15098468742892,"2905",id59_194
USC00301521,USC00301521 6,"1945","2016",41.91355,-74.57232,0,0,0,0,0,0,"2905",id59_194
USC00305426,USC00305426 6,"1896","2020",41.7681,-74.155,2.80996386627795,3.68680266457959,4.32533922018349,5.20482722708862,5.91415172118037,6.67009729298119,"2895",id59_195
USC00307274,USC00307274 6,"1956","2019",41.84807,-74.04726,0,0,0,0,0,0,"2895",id59_195
USW00014757,USW00014757 6,"1948","2020",41.62574,-73.88156,0,0,0,0,0,0,"2893",id59_196
USW00014860,USW00014860 6,"1926","2020",42.0803,-80.1824,2.05045965367253,2.77881370003877,3.33990286788873,4.15344512031354,4.84284692821987,5.60922130762725,"2555",id60_183
USW00014747,USW00014747 6,"1945","2020",42.49333,-79.27222,0,0,0,0,0,0,"2543",id60_185
USC00304207,USC00304207 6,"1960","2020",42.11,-79.1591,0,0,0,0,0,0,"2543",id60_185
USC00304808,USC00304808 6,"1941","2020",42.2473,-78.8125,2.01054899927441,2.61065051790762,3.03329111291273,3.59799043330644,4.04025121663324,4.49994023270771,"2541",id60_186
USC00305673,USC00305673 6,"1948","2020",42.32449,-78.86701,0,0,0,0,0,0,"2541",id60_186
USC00300093,USC00300093 6,"1924","2020",42.1003,-78.7497,2.02398070095685,2.65899159851467,3.12618396369056,3.77570427728154,4.30429249075355,4.87196158885969,"2541",id60_186
USC00306196,USC00306196 6,"1909","2020",42.0737,-78.4518,1.88694481512906,2.44461057806504,2.83143846833727,3.34121182933592,3.73516266670064,4.14001564580847,"2547",id60_187
USC00300183,USC00300183 6,"1893","2020",42.3108,-78.023,2.04896410333052,2.73414717707054,3.20969798302383,3.83671541298467,4.32151345700368,4.81993883483865,"2547",id60_187
USC00303025,USC00303025 6,"1896","2020",42.3295,-78.4637,1.88994450154671,2.36056256806929,2.64099228438339,2.96336802042165,3.18144838235908,3.38165162286574,"2547",id60_187
USC00307329,USC00307329 6,"1954","2020",42.4261,-78.1922,0,0,0,0,0,0,"2547",id60_187
USC00309425,USC00309425 6,"1954","2020",42.05983,-77.75539,0,0,0,0,0,0,"2545",id60_188
USC00309072,USC00309072 6,"1956","2020",42.1173,-77.9475,0,0,0,0,0,0,"2545",id60_188
USC00300085,USC00300085 6,"1893","2020",42.27984,-77.76564,2.06429324532212,2.7195224609429,3.16316417071808,3.73515149485013,4.16789849679688,4.60467137513933,"2545",id60_188
USC00303983,USC00303983 6,"1950","2020",42.3488,-77.7044,0,0,0,0,0,0,"2545",id60_188
USC00300023,USC00300023 6,"1893","2020",42.1013,-77.2344,0,0,0,0,0,0,"2535",id60_189
USC00301787,USC00301787 6,"1909","2020",42.1341,-77.0691,0,0,0,0,0,0,"2535",id60_189
USC00300448,USC00300448 6,"1953","2015",42.3488,-77.3477,0,0,0,0,0,0,"2535",id60_189
USC00301413,USC00301413 6,"1888","2016",42.0025,-76.6384,1.90600341773643,2.43747175543148,2.78285089752162,3.21197122955374,3.52515764737807,3.83175203442794,"2533",id60_190
USC00302610,USC00302610 6,"1893","2020",42.0997,-76.8358,1.84183588454049,2.47965199502547,3.01431365478895,3.85219797256347,4.6170921014886,5.52330688827456,"2533",id60_190
USW00014748,USW00014748 6,"1938","2020",42.15944,-76.89194,0,0,0,0,0,0,"2533",id60_190
USC00309047,USC00309047 6,"1893","2020",42.0019,-76.525,0,0,0,0,0,0,"2533",id60_190
USC00301168,USC00301168 6,"1944","2020",42.1944,-76.3127,1.89785657243653,2.60208361150176,3.12953444594911,3.87487409611228,4.49103870607984,5.16167766351067,"2539",id60_191
USC00304174,USC00304174 6,"1893","2020",42.4491,-76.4491,2.00390501273708,2.68427187960008,3.17242943694052,3.83576965071227,4.36383195087014,4.92038180027037,"2539",id60_191
USW00004725,USW00004725 6,"1951","2020",42.2068,-75.98,0,0,0,0,0,0,"2537",id60_192
USC00309442,USC00309442 6,"1948","2020",42.3419,-75.9653,0,0,0,0,0,0,"2537",id60_192
USC00303444,USC00303444 6,"1909","2020",42.3239,-75.7711,0,0,0,0,0,0,"2537",id60_192
USC00302454,USC00302454 6,"1950","2020",42.33278,-75.22982,0,0,0,0,0,0,"2527",id60_193
USC00302169,USC00302169 6,"1959","2020",42.0772,-74.9827,0,0,0,0,0,0,"2524",id60_194
USC00300254,USC00300254 6,"1948","2017",42.1394,-74.6536,2.09121209954145,2.64833949198281,3.06054940475252,3.63658425253304,4.10769888241108,4.61578819701288,"2524",id60_194
USC00302036,USC00302036 6,"1924","2020",42.2533,-74.905,0,0,0,0,0,0,"2524",id60_194
USC00304025,USC00304025 6,"1957","2017",42.24746,-73.79219,0,0,0,0,0,0,"2529",id60_196
USC00300063,USC00300063 6,"1942","2020",42.4697,-73.9267,2.29428241481456,3.21716800996456,4.00972152334887,5.2798435959551,6.46430980879951,7.89351669977263,"2529",id60_196
USC00308910,USC00308910 6,"1948","2020",42.7392,-78.5878,0,0,0,0,0,0,"2822",id61_186
USW00014733,USW00014733 6,"1938","2020",42.9408,-78.7358,1.78559145453464,2.40913601961116,3.02371259958547,4.14371225584498,5.32343624511882,6.90422879883966,"2822",id61_186
USC00300220,USC00300220 6,"1893","2020",42.5347,-78.4575,0,0,0,0,0,0,"2810",id61_187
USC00306745,USC00306745 6,"1898","2019",42.5699,-78.0405,0,0,0,0,0,0,"2810",id61_187
USC00308962,USC00308962 6,"1952","2020",42.6855,-78.2202,0,0,0,0,0,0,"2810",id61_187
USW00094704,USW00094704 6,"1945","2020",42.57083,-77.71333,0,0,0,0,0,0,"2808",id61_188
USC00301974,USC00301974 6,"1917","2020",42.56477,-77.71762,1.77390822780529,2.19540280169476,2.4226967772245,2.66183229058835,2.81009331248025,2.93655257787311,"2808",id61_188
USC00305597,USC00305597 6,"1893","2020",42.7313,-77.9054,1.68910296539963,2.33405494992867,2.86128772420863,3.66859893185778,4.38944314216706,5.22741863399272,"2808",id61_188
USC00303773,USC00303773 6,"1898","2020",42.7743,-77.6083,1.73256386294727,2.21433811085131,2.51560274674715,2.87719499380507,3.13234947982756,3.37510006759555,"2808",id61_188
USC00306464,USC00306464 6,"1956","2017",42.91142,-77.98088,0,0,0,0,0,0,"2808",id61_188
USC00300343,USC00300343 6,"1895","2020",42.9203,-77.7557,0,0,0,0,0,0,"2808",id61_188
USC00303184,USC00303184 6,"1969","2020",42.8766,-77.0307,0,0,0,0,0,0,"2815",id61_189
USC00301152,USC00301152 6,"1942","2020",42.84505,-77.28071,1.77745867978645,2.22751609893459,2.48795497743235,2.77964184121787,2.97197490303631,3.14476601651808,"2815",id61_189
USC00300331,USC00300331 6,"1956","2020",42.7338,-76.6591,0,0,0,0,0,0,"2812",id61_190
USC00300321,USC00300321 6,"1897","2020",42.9327,-76.5447,0,0,0,0,0,0,"2812",id61_190
USC00308987,USC00308987 6,"1932","2019",42.9013,-76.8641,1.72914783823793,2.32158265775261,2.76267495385515,3.38260968418041,3.89243281150778,4.4448613212686,"2812",id61_190
USC00301265,USC00301265 6,"1932","2020",42.948,-76.7342,1.84414953934207,2.38623537227166,2.77942402114983,3.31901833110464,3.75268845254249,4.21348319563861,"2812",id61_190
USC00303050,USC00303050 6,"1948","2020",42.5192,-76.331,2.00451849278307,2.71561034045684,3.18558340030985,3.77844986548554,4.21759091919839,4.65291646707994,"2223",id61_191
USC00307780,USC00307780 6,"1900","2020",42.9461,-76.4313,0,0,0,0,0,0,"2223",id61_191
USC00306085,USC00306085 6,"1906","2020",42.5117,-75.5197,1.83855810376429,2.36283425576299,2.72187449143139,3.18957491920294,3.54697341770634,3.91077080630848,"2221",id61_192
USC00307705,USC00307705 6,"1907","2020",42.6773,-75.5066,1.89147917855437,2.35196754653515,2.6197878721875,2.92108853874267,3.12063699709712,3.30057744811035,"2221",id61_192
USC00305512,USC00305512 6,"1911","2020",42.8416,-75.7263,0,0,0,0,0,0,"2221",id61_192
USC00301752,USC00301752 6,"1893","2020",42.7166,-74.9266,1.87532838321682,2.42860288552728,2.84027208340957,3.41851224823827,3.89377589525301,4.40850685338336,"2225",id61_194
USC00308600,USC00308600 6,"1932","2020",42.7511,-73.6851,0,0,0,0,0,0,"2213",id61_196
USW00014735,USW00014735 6,"1938","2020",42.74722,-73.79912,2.04311665514319,2.71578551247156,3.22996186153941,3.97019264627105,4.59319059599756,5.28171020735626,"2213",id61_196
USC00305248,USC00305248 6,"1965","2020",42.85023,-73.60939,0,0,0,0,0,0,"2213",id61_196
USW00004724,USW00004724 6,"1951","2020",43.10833,-78.93806,0,0,0,0,0,0,"2512",id62_186
USC00304844,USC00304844 6,"1893","2020",43.18769,-78.60912,0,0,0,0,0,0,"2512",id62_186
USC00300055,USC00300055 6,"1938","2020",43.26338,-78.21527,0,0,0,0,0,0,"2521",id62_187
USC00300443,USC00300443 6,"1911","2020",43.02966,-78.16822,1.81555640645899,2.43082176389431,2.89623016543121,3.55987787458409,4.11330962496634,4.72016470573377,"2521",id62_187
USC00300937,USC00300937 6,"1893","2020",43.216,-77.9529,0,0,0,0,0,0,"2518",id62_188
USW00014768,USW00014768 6,"1926","2020",43.1167,-77.6767,1.71699387384903,2.23746336105954,2.61060932430478,3.11731056162852,3.52040605712746,3.94500359312085,"2518",id62_188
USC00305679,USC00305679 6,"1932","2020",43.04657,-77.08411,1.77982464807022,2.31221076803899,2.67009102818068,3.12851344446272,3.47315675276629,3.81914485722613,"2503",id62_189
USC00304952,USC00304952 6,"1932","2020",43.0731,-77.30196,0,0,0,0,0,0,"2503",id62_189
USC00307842,USC00307842 6,"1922","2020",43.2359,-77.0841,1.85021944064716,2.32255098513674,2.66287287842915,3.12709599583915,3.49801558787474,3.89017700096491,"2503",id62_189
USC00306314,USC00306314 6,"1926","2020",43.44991,-76.53685,1.89926995754372,2.44401430538569,2.80428780159179,3.25904519426995,3.5960865451485,3.93036683490377,"2500",id62_190
USC00301580,USC00301580 6,"1932","2020",43.05901,-76.83844,1.87843936950611,2.42288299390948,2.77739294643558,3.21864075894067,3.54123545942776,3.85750344598653,"2500",id62_190
USC00303087,USC00303087 6,"1900","2020",43.3049,-76.3938,0,0,0,0,0,0,"2509",id62_191
USW00014771,USW00014771 6,"1949","2020",43.1111,-76.1038,1.98549141616292,2.59088044535165,2.99106224679018,3.49596686419875,3.87001087547174,4.24085295381608,"2509",id62_191
USC00300379,USC00300379 6,"1893","2020",43.15,-76.3333,1.97910251802778,2.55373041861181,2.94824345627297,3.46332245671356,3.85779488815533,4.26008338178595,"2509",id62_191
USC00300870,USC00300870 6,"1932","2020",43.2386,-76.1964,1.90869729170824,2.51482726454967,2.9611954184447,3.58230263985343,4.08819047623791,4.63186803280322,"2509",id62_191
USC00305751,USC00305751 6,"1932","2019",43.2097,-75.6452,2.17975535037332,2.79156218146181,3.14669199771891,3.54551996219888,3.80920728137045,4.04664034185469,"2506",id62_192
USC00301110,USC00301110 6,"1946","2020",43.3305,-75.8416,0,0,0,0,0,0,"2506",id62_192
USC00308578,USC00308578 6,"1909","2020",43.2761,-75.1566,2.32017629876459,3.05567088695307,3.52829934865237,4.10961927911492,4.5297309611641,4.93758274752827,"2491",id62_193
USW00014717,USW00014717 6,"1893","2017",43.23333,-75.4,0,0,0,0,0,0,"2491",id62_193
USC00300785,USC00300785 6,"1949","2020",43.4361,-75.3697,2.39317002479902,3.01866502100924,3.43179468358297,3.9526458369735,4.3382228891159,4.72026345890022,"2491",id62_193
USC00306062,USC00306062 6,"1903","2020",43.1592,-74.2042,0,0,0,0,0,0,"2497",id62_195
USC00307484,USC00307484 6,"1955","2020",43.04121,-73.82109,0,0,0,0,0,0,"2494",id62_196
USC00307549,USC00307549 6,"1948","2015",43.1131,-73.5775,0,0,0,0,0,0,"2494",id62_196
USC00303284,USC00303284 6,"1943","2015",43.3246,-73.6781,2.32353519650352,2.93703697486538,3.30702276781982,3.73693214078843,4.03082636285345,4.30303332096477,"2494",id62_196
USC00301708,USC00301708 6,"1948","2020",43.3203,-73.9256,2.24617948723547,2.73786967126035,3.01912940559321,3.33091423977809,3.53443292853419,3.7157213098182,"2494",id62_196
USW00014750,USW00014750 6,"1944","2020",43.33845,-73.61028,2.05685231634658,2.71594713533254,3.15580125982961,3.71554976360206,4.13370192602535,4.55122455587341,"2494",id62_196
USC00306867,USC00306867 6,"1948","2020",43.5696,-76.1163,0,0,0,0,0,0,"1208",id63_191
USW00094790,USW00094790 6,"1949","2020",43.9922,-76.0217,1.81156019498039,2.34469847750087,2.67430822197189,3.06590709061829,3.33949531410726,3.59759716889786,"1208",id63_191
USC00300608,USC00300608 6,"1941","2020",43.5318,-75.9526,2.1603017000401,2.78277394830896,3.21970601637708,3.80173166948218,4.25622546132765,4.72745071734156,"1212",id63_192
USC00303851,USC00303851 6,"1924","2020",43.5752,-75.5207,2.37535561658873,3.15799788820261,3.74486388197416,4.57504648953317,5.26205392694903,6.01045320648705,"1212",id63_192
USC00303961,USC00303961 6,"1911","2020",43.8524,-75.7158,0,0,0,0,0,0,"1212",id63_192
USC00309000,USC00309000 6,"1893","2020",43.9761,-75.8753,1.95670712532994,2.52890015904892,2.93720336095828,3.4892794628165,3.92666075263762,4.38575473915658,"1212",id63_192
USC00304912,USC00304912 6,"1891","2020",43.7929,-75.4829,1.97260775236118,2.46430617239849,2.77837745488819,3.16259508448834,3.43880523348523,3.70576074737573,"1200",id63_193
USC00308248,USC00308248 6,"1925","2020",43.8999,-75.0367,1.92293416905724,2.53923018195956,3.0463550579835,3.82758959177929,4.52919717908611,5.3488614490813,"1200",id63_193
USC00300500,USC00300500 6,"1934","2020",43.887,-75.4349,0,0,0,0,0,0,"1200",id63_193
USC00306184,USC00306184 6,"1907","2020",43.7026,-74.9838,2.06293970806954,2.72277463045216,3.21724162101856,3.91631389312975,4.49450212864265,5.12406031079216,"1204",id63_194
USC00300668,USC00300668 6,"1931","2020",43.8,-74.8667,1.90846476150418,2.45077144987736,2.84666322244559,3.39316423416657,3.83487944947766,4.30649253132503,"1204",id63_194
USC00304102,USC00304102 6,"1899","2020",43.75477,-74.27558,2.17238630281239,2.74571801931466,3.06057933628359,3.3972252836257,3.60928827977724,3.79260564612388,"1192",id63_195
USC00305714,USC00305714 6,"1959","2020",43.9707,-74.222,0,0,0,0,0,0,"1192",id63_195
USC00305925,USC00305925 6,"1907","2020",43.6611,-73.8969,0,0,0,0,0,0,"1196",id63_196
USC00309389,USC00309389 6,"1932","2020",43.5575,-73.4011,0,0,0,0,0,0,"1243",id63_197
USC00308455,USC00308455 6,"1941","2020",44.27543,-75.83689,0,0,0,0,0,0,"1202",id64_192
USC00303346,USC00303346 6,"1936","2020",44.354,-75.5123,1.89072198152444,2.46182342617876,2.86819879683824,3.41626069212123,3.84938643432934,4.3030549593661,"1202",id64_192
USC00308631,USC00308631 6,"1899","2020",44.2307,-74.4382,1.87901643934985,2.42926146891172,2.80558870946809,3.29522257213712,3.66894848950978,4.04899122747352,"1198",id64_195
USC00302554,USC00302554 6,"1897","2020",44.2138,-73.5986,1.87910771542592,2.54693008318693,3.10071411826186,3.95992795062443,4.73683795289141,5.64978479959555,"1245",id64_196
USC00304555,USC00304555 6,"1897","2020",44.3042,-73.9839,1.84906226619698,2.42167791016091,2.84952374486585,3.45278464571544,3.95043993000525,4.49111530204244,"1245",id64_196
USW00014743,USW00014743 6,"1893","2020",44.5772,-75.1097,1.90911346293741,2.50102534890191,2.9146212800762,3.46329429053938,3.89003668818093,4.3309889979612,"5080",id65_193
USC00306164,USC00306164 6,"1893","2020",44.7281,-75.4442,1.75760671095396,2.27762028242156,2.68464402633317,3.28347925134295,3.79809922801291,4.37706952492535,"5080",id65_193
USC00301664,USC00301664 6,"1934","2020",44.5842,-74.9573,0,0,0,0,0,0,"5095",id65_194
USW00094725,USW00094725 6,"1948","2020",44.93583,-74.84583,1.76894089038332,2.34891135481826,2.78889743024369,3.41796242912651,3.94389668779676,4.52185879720596,"5095",id65_194
USC00306538,USC00306538 6,"1938","2020",44.5657,-73.5699,1.64547560091917,2.17653745597629,2.73128689573978,3.79920301710661,4.9835248338463,6.6427382784908,"4826",id65_196
USC00301966,USC00301966 6,"1906","2020",44.7192,-73.7205,1.71582474696163,2.31327601087847,2.78084519716065,3.46866852538048,4.05968816688101,4.72454043294457,"4826",id65_196
USC00302574,USC00302574 6,"1898","2020",44.913,-73.8223,1.63293792695606,2.2057622771297,2.69182414135194,3.46216780454547,4.17299577408951,5.02294441181368,"4826",id65_196
USW00004742,USW00004742 6,"1956","2020",44.65,-73.46667,0,0,0,0,0,0,"4876",id65_197
USC00446173,USC00446173 6,"1969","2020",37.1244,-82.6339,0,0,0,0,0,0,,
USC00444410,USC00444410 6,"1969","2020",37.23235,-82.34642,0,0,0,0,0,0,,
USC00443640,USC00443640 6,"1942","2020",37.28217,-82.08849,0,0,0,0,0,0,,
USC00440021,USC00440021 6,"1969","2020",36.6687,-81.9646,0,0,0,0,0,0,,
USC00446626,USC00446626 6,"1931","2020",36.7586,-83.0105,0,0,0,0,0,0,,
USC00447506,USC00447506 6,"1895","2020",36.8894,-81.7711,0,0,0,0,0,0,,
USC00449215,USC00449215 6,"1955","2020",36.9725,-82.5579,0,0,0,0,0,0,,
USC00188405,USC00188405 6,"1893","2020",38.3198,-76.4526,0,0,0,0,0,0,,
