,0,1,2,3,4
0,0.27204918032786884,0.2084931506849315,0.23571428571428574,0.18500000000000003,0.1749397590361446
1,0.19657142857142845,0.14268292682926828,0.19139072847682115,0.15796610169491515,0.17043478260869566
2,0.2143283582089551,0.1493670886075949,0.17595854922279783,0.1299999999999999,0.11968871595330735
3,0.25194690265486724,0.20858208955223873,0.23922155688622748,0.18571428571428575,0.17144104803493446
4,0.19952941176470582,0.1389,0.1712396694214876,0.11366906474820132,0.11312499999999996
5,0.28544444444444445,0.25,0.3034782608695652,0.27775,0.3221465968586387
6,0.2165624999999999,0.15535714285714278,0.1845185185185185,0.12064935064935055,0.09729885057471269
7,0.16923076923076907,0.13211111111111112,0.1520754716981131,0.10983193277310918,0.08210526315789464
8,0.2632786885245901,0.21779310344827585,0.23225988700564965,0.1669902912621358,0.1370042194092828
9,0.20909090909090908,0.13232394366197178,0.16321839080459757,0.10959999999999993,0.10008733624454143
10,0.2633898305084746,0.21063829787234034,0.25120000000000003,0.19466019417475725,0.18624999999999994
11,0.21487804878048775,0.14849315068493146,0.17407821229050277,0.13130434782608685,0.12319327731092435
12,0.24912280701754377,0.20477941176470585,0.2357988165680473,0.18743718592964814,0.18081896551724133
13,0.18098765432098762,0.12903225806451613,0.15372727272727268,0.11268292682926828,0.09999999999999998
14,0.22942148760330572,0.15806896551724128,0.18488888888888874,0.14132075471698102,0.13267206477732787
15,0.20196078431372544,0.13974999999999996,0.15222222222222215,0.09721212121212117,0.09446808510638292
16,0.24094017094017092,0.1764028776978417,0.1998265895953757,0.15408866995073892,0.14784810126582276
17,0.19418604651162794,0.12653061224489787,0.15330434782608693,0.11390624999999999,0.11048951048951047
18,0.20673076923076922,0.13768595041322312,0.15616438356164372,0.1106626506024095,0.10845744680851056
19,0.17692307692307688,0.1402222222222221,0.15999999999999995,0.11815126050420158,0.0989473684210526
20,0.19010989010989007,0.12257142857142848,0.13692913385826783,0.0704109589041096,0.04981818181818181
21,0.2076271186440677,0.12956834532374095,0.15670588235294108,0.09484693877551022,0.0859555555555557
22,0.19092783505154634,0.14150442477876102,0.1448888888888888,0.0967741935483871,0.08479999999999986
23,0.211504424778761,0.14999999999999997,0.18187499999999995,0.13783783783783785,0.1293838862559241
24,0.19434782608695647,0.13644859813084106,0.15015624999999988,0.08013793103448279,0.06036585365853662
25,0.16428571428571426,0.11326315789473675,0.126036036036036,0.07741935483870963,0.0682481751824817
26,0.16639534883720933,0.11561224489795917,0.1439999999999999,0.09581395348837198,0.07769230769230759
27,0.19833333333333322,0.12692913385826765,0.14129870129870142,0.0838983050847459,0.0777227722772278
28,0.18098765432098762,0.11741935483870955,0.13999999999999993,0.05677685950413227,0.030223880597015012
29,0.18367816091954012,0.12454545454545453,0.1513793103448275,0.11938461538461535,0.10930555555555542
30,0.15182926829268295,0.10445652173913043,0.1151923076923076,0.08105263157894732,0.0692682926829268
31,0.33685314685314677,0.2863157894736842,0.3404109589041095,0.32173913043478264,0.34801346801346794
32,0.17160493827160483,0.11290322580645161,0.1321100917431192,0.10495934959349591,0.09299270072992696
33,0.31461538461538463,0.2528225806451612,0.3119375,0.26989304812834225,0.2936363636363636
34,0.23868852459016385,0.16558620689655165,0.19457627118644066,0.1476470588235293,0.14948717948717943
35,0.18999999999999997,0.1445544554455445,0.17074999999999996,0.14264705882352935,0.12581699346405228
36,0.23163934426229502,0.17499999999999993,0.1875,0.12941176470588225,0.11452991452991446
37,0.20672566371681417,0.14909090909090902,0.18412499999999987,0.13934782608695645,0.12454545454545456
38,0.2092156862745097,0.1389915966386554,0.16551724137931026,0.10397590361445777,0.09555555555555542
39,0.23316666666666658,0.17720279720279714,0.21393258426966283,0.151201923076923,0.1386776859504131
40,0.19419753086419742,0.14516129032258066,0.15577981651376138,0.12097560975609753,0.11021897810218974
41,0.1586046511627907,0.11561224489795917,0.1519999999999999,0.11406249999999996,0.10528169014084499
42,0.1588235294117647,0.09597938144329884,0.11592920353982296,0.06519685039370068,0.0644285714285713
43,0.2724,0.2103355704697986,0.24204301075268808,0.19564220183486242,0.1974803149606299
44,0.2213483146067416,0.1502941176470588,0.1843442622950819,0.13306569343065686,0.11636363636363628
45,0.2317948717948717,0.16086330935251789,0.1962790697674418,0.1414,0.12612068965517237
46,0.20227272727272724,0.1445544554455445,0.1712396694214876,0.11678832116788311,0.10346153846153837
47,0.21647058823529405,0.13599999999999995,0.16651162790697666,0.12427135678391954,0.11394736842105259
48,0.24330578512396692,0.16558620689655165,0.18939226519337002,0.12584905660377363,0.11282258064516136
49,0.2086206896551723,0.1441481481481481,0.1857831325301205,0.1447692307692307,0.13434782608695642
50,0.25008547008547,0.18221428571428566,0.21737142857142852,0.1596585365853658,0.14594142259414225
51,0.2536974789915966,0.2012676056338028,0.2423295454545455,0.1972815533980582,0.17408333333333334
52,0.21599999999999991,0.15569230769230766,0.19111111111111098,0.13481481481481475,0.133393665158371
53,0.2064035087719297,0.14589552238805967,0.17490683229813664,0.11251366120218566,0.11009661835748788
54,0.21565217391304345,0.15882352941176467,0.19065868263473057,0.14824742268041233,0.15390134529147978
55,0.18855555555555553,0.1221153846153845,0.14064516129032256,0.09468085106382974,0.08547169811320739
56,0.26603305785123965,0.19558620689655162,0.23027624309392253,0.15943396226415085,0.14512096774193542
57,0.24927419354838706,0.20540540540540536,0.24000000000000005,0.19056603773584907,0.1919105691056911
58,0.23330508474576261,0.15352517985611502,0.18210526315789466,0.13106060606060602,0.12471365638766509
59,0.24350746268656712,0.16398734177215188,0.18906735751295325,0.13887892376681601,0.12404669260700377
60,0.34316831683168314,0.2837190082644628,0.3310967741935483,0.2849999999999999,0.30559241706161133
61,0.30879999999999996,0.2716806722689076,0.3152,0.28924855491329476,0.30608910891089103
62,0.2437593984962405,0.16525316455696193,0.19507692307692304,0.1366814159292035,0.13134099616858227
63,0.1993805309734512,0.1333333333333333,0.1552830188679245,0.09657458563535906,0.08760975609756087
64,0.25537190082644623,0.17678321678321668,0.20965909090909093,0.1529411764705882,0.14191489361702125
65,0.17265060240963853,0.1257291666666666,0.14938053097345128,0.1070866141732283,0.09492957746478867
66,0.177142857142857,0.12956521739130428,0.16275362318840575,0.12506329113924045,0.13433333333333322
67,0.19418604651162794,0.15102040816326529,0.16982456140350877,0.13898437499999994,0.12957746478873233
68,0.1686046511627907,0.12222222222222216,0.15016949152542372,0.10669172932330825,0.09288590604026847
69,0.18855555555555553,0.13223300970873778,0.14344262295081955,0.09255474452554739,0.06811688311688317
70,0.25278688524590154,0.18263888888888888,0.2006779661016948,0.15180487804878037,0.13631355932203384
71,0.21454545454545448,0.15431034482758613,0.18661971830985905,0.12186746987951819,0.11268041237113409
72,0.3104081632653061,0.24786324786324787,0.29865771812080527,0.26453488372093015,0.27949999999999986
73,0.2317525773195875,0.16079646017699104,0.175,0.1270967741935483,0.11073863636363625
74,0.21454545454545448,0.12956521739130428,0.15352517985611502,0.08455696202531654,0.07533333333333335
75,0.19749999999999987,0.13874999999999993,0.16464912280701752,0.11390624999999999,0.09923611111111105
76,0.23764705882352943,0.17098591549295766,0.20274285714285709,0.15707317073170726,0.16714285714285715
77,0.26603305785123965,0.20303448275862068,0.2362430939226519,0.17221698113207543,0.1582995951417004
78,0.18448979591836734,0.12561403508771923,0.1605714285714287,0.11115853658536597,0.11916666666666664
79,0.2536974789915966,0.18228571428571425,0.2161627906976743,0.18216080402010051,0.17925764192139731
80,0.17931034482758618,0.12669117647058817,0.15236363636363628,0.09221052631578938,0.08222222222222218
81,0.21869158878504666,0.1398399999999999,0.17084415584415596,0.10698324022346371,0.10311004784689001
82,0.311578947368421,0.26686131386861306,0.3227118644067796,0.2856796116504854,0.3039754098360655
83,0.2064035087719297,0.15402985074626854,0.17913580246913569,0.12473118279569886,0.11273584905660367
84,0.20344444444444448,0.14019417475728152,0.17463414634146332,0.1363571428571428,0.13316455696202525
85,0.2457377049180327,0.17499999999999993,0.19943502824858747,0.14509803921568626,0.13824786324786323
86,0.24912280701754377,0.20499999999999996,0.2275739644970413,0.1654545454545454,0.14285714285714274
87,0.21395348837209294,0.15357142857142855,0.1782608695652174,0.1304687499999999,0.13356643356643352
88,0.2648387096774193,0.20540540540540536,0.23945945945945937,0.19082568807339448,0.1737007874015747
89,0.18682352941176467,0.14836734693877543,0.16982758620689645,0.12603053435114497,0.11925170068027212
90,0.25512820512820505,0.18586956521739123,0.21846153846153837,0.17599999999999996,0.168609865470852
91,0.20227272727272724,0.1344117647058823,0.16909836065573766,0.12172661870503589,0.12636942675159238
92,0.2695798319327731,0.22366197183098585,0.2537853107344632,0.22028846153846152,0.21954545454545452
93,0.2626086956521738,0.21810218978102186,0.2519298245614035,0.19149999999999992,0.18782051282051276
94,0.25284482758620686,0.201159420289855,0.2369186046511628,0.18507462686567158,0.17787234042553185
95,0.24827586206896549,0.17898550724637674,0.20411764705882346,0.15427135678391954,0.15536796536796532
96,0.20301204819277102,0.1578124999999999,0.16513274336283182,0.09999999999999995,0.08780141843971628
97,0.19238095238095235,0.1296842105263157,0.14207207207207204,0.10258064516129031,0.08434782608695643
98,0.2171818181818182,0.16153846153846144,0.18594936708860757,0.12486187845303864,0.10553398058252418
99,0.2517796610169491,0.18489208633093518,0.215204678362573,0.14720812182741103,0.14149779735682808
100,0.20072289156626502,0.15199999999999997,0.16714285714285712,0.1333333333333333,0.12872340425531908
101,0.2013861386138613,0.1429059829059829,0.15765957446808504,0.09320987654321002,0.0768478260869566
102,0.20727272727272725,0.13062937062937058,0.15034482758620688,0.09376237623762389,0.07714285714285724
103,0.2129090909090908,0.16230769230769226,0.18645962732919244,0.13021276595744674,0.12547945205479447
104,0.18061224489795907,0.13789473684210526,0.1566423357664233,0.09634615384615386,0.09775280898876391
105,0.2350877192982456,0.16691176470588226,0.1921301775147929,0.13666666666666655,0.13025974025974016
106,0.18210526315789471,0.12216216216216205,0.12669172932330833,0.06245033112582786,0.03964912280701755
107,0.21076923076923065,0.15206611570247927,0.15972222222222213,0.11730061349693237,0.13353260869565214
108,0.22804347826086946,0.18537037037037032,0.2056060606060606,0.16078431372549015,0.1597175141242937
109,0.17929411764705877,0.12222222222222216,0.13457627118644064,0.08052238805970144,0.08815789473684195
110,0.1741176470588235,0.11226804123711341,0.13185840707964594,0.0985826771653543,0.09695035460992898
111,0.24672268907563025,0.17098591549295766,0.19999999999999993,0.13365853658536575,0.12785714285714275
112,0.26868217054263566,0.2084415584415584,0.24531249999999996,0.21370535714285716,0.22218390804597704
113,0.24033898305084744,0.16692857142857137,0.20151162790697671,0.15100502512562805,0.14323144104803487
114,0.2430232558139534,0.19950495049504943,0.22831999999999994,0.17324137931034475,0.16153846153846144
115,0.17969072164948446,0.13185840707964594,0.16179104477611936,0.11894736842105252,0.12397660818713443
116,0.1654545454545455,0.12316831683168314,0.14948717948717943,0.10969465648854955,0.09972413793103434
117,0.32499999999999996,0.25333333333333324,0.3035636363636363,0.26074766355140194,0.27810026385224285
118,0.1688749999999999,0.11956521739130435,0.1399999999999999,0.08181818181818175,0.07088888888888883
119,0.22748091603053433,0.16428571428571417,0.19682539682539676,0.1394954128440367,0.12639999999999987
120,0.241551724137931,0.18586956521739123,0.21094674556213022,0.17333333333333326,0.16053811659192818
121,0.20577586206896542,0.14927007299270065,0.16095808383233548,0.10217616580310895,0.08416289592760191
122,0.20043956043956038,0.1362264150943396,0.16434108527131774,0.10749999999999997,0.09207100591715961
123,0.23813953488372092,0.18248366013071887,0.22631578947368422,0.17229729729729729,0.15859922178988323
124,0.17215189873417713,0.1256043956043955,0.1521495327102804,0.10833333333333334,0.10567164179104475
125,0.22724137931034483,0.1626086956521739,0.20255813953488375,0.14679999999999993,0.14248927038626605
126,0.22694736842105265,0.18063063063063062,0.2116788321167883,0.15679245283018856,0.13599999999999998
127,0.23830508474576262,0.1804255319148936,0.21125714285714284,0.16373786407766985,0.13708333333333325
128,0.1847619047619047,0.14177083333333332,0.1592857142857142,0.10976,0.09870503597122302
129,0.23956521739130426,0.14429906542056073,0.17830769230769225,0.1294630872483221,0.12158823529411758
130,0.2491666666666666,0.18619718309859154,0.20388571428571417,0.14625615763546798,0.1392274678111588
131,0.20727272727272725,0.13846153846153833,0.1536363636363636,0.09266009852216764,0.07527896995708164
132,0.3198113207547169,0.2728455284552846,0.30666666666666664,0.2781176470588235,0.2787628865979381
133,0.1933999999999999,0.1374782608695651,0.16459854014598538,0.1346153846153846,0.12863636363636355
134,0.2537190082644628,0.19999999999999996,0.23335227272727269,0.18710784313725484,0.17242553191489354
135,0.2523076923076923,0.18417266187050355,0.21965317919075145,0.14926108374384228,0.1382278481012658
136,0.2128813559322033,0.13905797101449274,0.17601190476190473,0.1085492227979274,0.09686363636363625
137,0.19891304347826083,0.1285981308411214,0.1491472868217054,0.10061224489795932,0.0878313253012049
138,0.2080459770114942,0.15199999999999989,0.1715966386554622,0.13629629629629622,0.11423841059602649
139,0.2369999999999999,0.1648051948051948,0.19684210526315776,0.11819004524886867,0.09694117647058834
140,0.1711627906976744,0.11020408163265304,0.12991228070175428,0.09718749999999998,0.07887323943661964
141,0.2717557251908396,0.21249999999999994,0.25098445595854924,0.2161061946902655,0.22218390804597704
142,0.18249999999999997,0.1224999999999999,0.15684210526315787,0.1221875,0.1262237762237762
143,0.18061224489795907,0.12991228070175428,0.16275362318840575,0.135796178343949,0.13770949720670395
144,0.19183673469387752,0.13342105263157888,0.16151079136690638,0.11751552795031048,0.12473118279569886
145,0.18941176470588228,0.13593749999999996,0.17168141592920347,0.125079365079365,0.11499999999999996
146,0.25099999999999995,0.19763888888888884,0.22855555555555548,0.17611374407582936,0.16406504065040645
147,0.25008547008547,0.18985714285714284,0.21287356321839077,0.16862745098039206,0.1626890756302521
148,0.2716806722689076,0.21619718309859146,0.2454237288135593,0.20745192307692312,0.2082304526748971
149,0.2633898305084746,0.20312056737588652,0.24525714285714278,0.20112195121951215,0.19504201680672265
150,0.2632786885245901,0.22328767123287668,0.25303867403314906,0.220566037735849,0.21991869918699183
151,0.20301075268817198,0.15229357798165133,0.15776119402985087,0.0985987261146498,0.09355191256830604
152,0.2228037383177569,0.15222222222222218,0.17677419354838705,0.12611111111111103,0.1178743961352656
153,0.2665322580645161,0.21744966442953015,0.2619354838709677,0.22041284403669717,0.22858267716535435
154,0.17974683544303782,0.12022222222222215,0.1658878504672897,0.125,0.0993984962406015
155,0.2299999999999999,0.16546874999999994,0.19240506329113918,0.13733695652173902,0.12187793427230037
156,0.16138613861386136,0.10862068965517237,0.14868613138686124,0.09870967741935473,0.08248554913294787
157,0.18999999999999992,0.12232558139534874,0.16089743589743585,0.11508379888268153,0.10926829268292672
158,0.19586206896551714,0.15199999999999989,0.15863247863247854,0.12603053435114497,0.11448275862068961
159,0.21217821782178212,0.14093220338983048,0.16916083916083915,0.12414634146341455,0.1302673796791443
160,0.18651162790697665,0.1346938775510203,0.1519999999999999,0.10562499999999997,0.0957746478873239
161,0.27999999999999997,0.2214285714285713,0.27033057851239667,0.22782608695652173,0.2324528301886793
162,0.1759770114942529,0.11636363636363632,0.13551724137931034,0.07906976744186038,0.06923076923076907
163,0.21711711711711706,0.16030534351145026,0.19197530864197526,0.14645502645502634,0.14684931506849314
164,0.237,0.18619718309859154,0.2117241379310345,0.14860696517412925,0.1370689655172413
165,0.23330508474576261,0.15323741007194241,0.18210526315789466,0.11878172588832475,0.1000000000000001
166,0.21828282828282827,0.1637068965517241,0.19436619718309855,0.13638554216867463,0.11855670103092798
167,0.20421052631578937,0.1299999999999999,0.16030534351145026,0.09600000000000004,0.07192982456140358
168,0.21483050847457622,0.14532374100719417,0.16423529411764698,0.11086734693877545,0.0990222222222221
169,0.2828723404255318,0.24836363636363631,0.290735294117647,0.2545806451612903,0.27348314606741575
170,0.24571428571428566,0.17335570469798647,0.20346153846153847,0.1579620853080568,0.14871900826446274
171,0.2807142857142857,0.23208955223880592,0.2669879518072289,0.23630769230769222,0.227136563876652
172,0.28750000000000003,0.23368421052631577,0.2740361445783132,0.2310769230769231,0.2302643171806168
173,0.1826506024096385,0.14084210526315785,0.16756756756756752,0.11935483870967739,0.11094890510948897
174,0.17265060240963853,0.12799999999999997,0.15142857142857138,0.11714285714285708,0.10514285714285714
175,0.20727272727272725,0.13846153846153833,0.14879999999999996,0.09266009852216764,0.07527896995708164
176,0.14588235294117638,0.08453608247422668,0.11415929203539815,0.08165354330708653,0.07349999999999994
177,0.2716279069767441,0.2005194805194805,0.23500000000000001,0.18399999999999989,0.183206106870229
178,0.17024390243902432,0.1153191489361701,0.13599999999999995,0.08723577235772349,0.08676470588235292
179,0.18999999999999992,0.1337499999999999,0.15684210526315787,0.12226562499999993,0.10958041958041949
180,0.21628318584070794,0.1394736842105263,0.16481481481481475,0.10368983957219244,0.08507042253521116
181,0.24615384615384614,0.18402877697841724,0.21274853801169588,0.1569696969696969,0.13789473684210526
182,0.17585365853658538,0.11872340425531912,0.15351351351351344,0.11831999999999994,0.10705035971223019
183,0.1494999999999999,0.10989010989010989,0.12594339622641504,0.07711864406779656,0.07769230769230764
184,0.2724,0.22299999999999992,0.25634408602150544,0.2080733944954128,0.20925196850393704
185,0.17042105263157892,0.10399999999999998,0.1410526315789473,0.07815789473684226,0.0724855491329481
186,0.21333333333333326,0.15979166666666655,0.18948717948717939,0.13455882352941173,0.13765822784810128
187,0.17772727272727273,0.11709999999999994,0.13305084745762702,0.07641221374045795,0.07246575342465743
188,0.25790322580645153,0.19204081632653056,0.22819672131147536,0.17499999999999993,0.18519999999999992
189,0.18560975609756097,0.13170212765957443,0.152,0.10398373983739831,0.08676470588235292
190,0.18732142857142847,0.13572519083969456,0.17217391304347826,0.1288888888888888,0.1310859728506786
191,0.17493975903614453,0.10505263157894726,0.126036036036036,0.07837398373983728,0.09401459854014595
192,0.23821428571428566,0.18597014925373126,0.20548192771084328,0.1482051282051281,0.12561403508771923
193,0.2856521739130435,0.24,0.28246153846153843,0.2571428571428571,0.26874999999999993
194,0.21628318584070794,0.14297709923664115,0.17215189873417713,0.11878453038674033,0.11359223300970862
195,0.1948453608247422,0.12368421052631574,0.1478260869565217,0.09031446540880511,0.07716666666666674
196,0.2103061224489796,0.13342105263157888,0.1605714285714287,0.08907975460122705,0.07329842931937172
197,0.1869565217391303,0.11028037383177568,0.14249999999999996,0.07863013698630149,0.05662650602409642
198,0.1927419354838709,0.12731034482758616,0.1536363636363636,0.09731343283582077,0.07406113537117907
199,0.34893617021276585,0.2863095238095238,0.3327570093457943,0.28299595141700395,0.29854166666666665
200,0.2366917293233082,0.1592356687898089,0.17906249999999999,0.1194144144144145,0.09352941176470597
201,0.22278260869565208,0.15117647058823522,0.17508982035928133,0.11792746113989633,0.12792792792792781
202,0.2605691056910569,0.2068027210884353,0.2384615384615385,0.20806603773584897,0.2080487804878049
203,0.32381944444444444,0.2639884393063583,0.3107657657657657,0.2810077519379845,0.31814569536423837
204,0.23813953488372092,0.18012987012987008,0.22303664921465965,0.1807174887892376,0.17767441860465116
205,0.1853409090909091,0.1414,0.16538461538461532,0.14297709923664126,0.1333793103448276
206,0.23330708661417318,0.18407894736842098,0.21208556149732619,0.1588073394495413,0.14654761904761895
207,0.17777777777777767,0.12698412698412687,0.15882352941176459,0.1124999999999999,0.12316831683168314
208,0.2641322314049586,0.19006944444444437,0.22722222222222224,0.1694761904761905,0.16583673469387752
209,0.20727272727272722,0.1387931034482758,0.16443661971830992,0.10632530120481931,0.09113402061855673
210,0.27796747967479674,0.22122448979591833,0.26688524590163937,0.23144186046511625,0.23904382470119523
211,0.19092783505154634,0.14357142857142854,0.1640601503759398,0.10907894736842094,0.09337209302325583
212,0.24330578512396692,0.17866197183098584,0.2044252873563218,0.14277227722772265,0.11840517241379322
213,0.25527999999999995,0.1813422818791946,0.21763440860215047,0.16068807339449542,0.14870588235294113
214,0.17649999999999988,0.12326086956521727,0.14999999999999994,0.1059016393442622,0.08632352941176467
215,0.27195876288659787,0.2189285714285714,0.2683088235294117,0.2357142857142857,0.24794285714285708
216,0.28274725274725265,0.23289719626168212,0.27060150375939845,0.23483443708609267,0.24770114942528731
217,0.2928571428571428,0.2325510204081632,0.2852459016393442,0.24719424460431644,0.2509999999999999
218,0.3497692307692308,0.29121019108280255,0.34029556650246295,0.2803813559322033,0.2864748201438849
219,0.23429752066115697,0.17493055555555553,0.20559322033898297,0.15097087378640775,0.1257383966244725
220,0.29124999999999995,0.24912280701754377,0.3145833333333333,0.27454545454545454,0.30362694300518134
221,0.23009900990099005,0.166470588235294,0.18263888888888888,0.14121212121212112,0.1075935828877004
222,0.23571428571428565,0.16502890173410395,0.19,0.12357723577235763,0.10964664310954055
223,0.23199999999999996,0.16981132075471697,0.21068702290076333,0.17359477124182998,0.173314606741573
224,0.19272727272727272,0.13321739130434776,0.17390070921985804,0.11804878048780496,0.12041884816753912
225,0.25278688524590154,0.17324137931034475,0.20807909604519764,0.17155339805825245,0.15216101694915252
226,0.20421052631578948,0.1377611940298507,0.17840490797546002,0.13255319148936165,0.12595348837209294
227,0.19951923076923064,0.14685950413223137,0.1898648648648648,0.15433526011560686,0.1546798029556649
228,0.19733333333333328,0.12624113475177293,0.15838150289017328,0.10959999999999993,0.09519650655021826
229,0.16428571428571426,0.1306249999999999,0.15575221238938047,0.11666666666666657,0.11499999999999996
230,0.19204081632653056,0.1576785714285714,0.1746564885496183,0.1338095238095237,0.1175609756097561
231,0.25348837209302316,0.18941176470588228,0.23036649214659685,0.18852017937219728,0.18872586872586872
232,0.22976744186046502,0.1877922077922077,0.22078947368421048,0.16855203619909503,0.15945312499999997
233,0.2213953488372092,0.16839999999999988,0.20483606557377046,0.15737588652482268,0.1496932515337422
234,0.25440677966101694,0.18402877697841724,0.2042105263157894,0.14671717171717163,0.1277533039647576
235,0.19705882352941176,0.14551020408163257,0.16913043478260872,0.1124806201550387,0.08333333333333333
236,0.23764705882352943,0.16510638297872332,0.20255813953488375,0.1522,0.14637554585152832
237,0.2457377049180327,0.19620689655172405,0.22876404494382022,0.18999999999999995,0.17502109704641347
238,0.25982758620689655,0.1936231884057971,0.2313450292397661,0.17487562189054714,0.15897872340425526
239,0.27392857142857135,0.21894736842105256,0.2599397590361445,0.20979381443298964,0.21198237885462556
240,0.18518518518518517,0.11999999999999991,0.13321739130434776,0.08519083969465635,0.06918918918918907
241,0.1514285714285714,0.12770833333333323,0.14637168141592913,0.09984126984126983,0.08395683453237401
242,0.262689075630252,0.2088028169014084,0.2406779661016949,0.19230769230769232,0.18333333333333326
243,0.18780487804878038,0.10541666666666671,0.12534482758620696,0.06616541353383468,0.05700000000000008
244,0.16777777777777764,0.0995652173913043,0.13203703703703695,0.07416666666666659,0.04842105263157882
245,0.20202247191011224,0.13980392156862737,0.16183333333333322,0.11999999999999991,0.10490066225165565
246,0.22461538461538463,0.17043478260869563,0.1937869822485207,0.14707692307692297,0.1299551569506726
247,0.37647058823529406,0.31816216216216214,0.3717573221757322,0.34158273381294957,0.36073394495412836
248,0.26239669421487605,0.2148951048951049,0.25971590909090914,0.22058823529411764,0.2127659574468085
249,0.15654761904761894,0.10302083333333334,0.13185840707964594,0.08333333333333322,0.07285714285714277
250,0.1741176470588235,0.1285567010309278,0.14778761061946893,0.09984126984126983,0.09899999999999999
251,0.2028181818181817,0.12207692307692311,0.15645569620253164,0.0867403314917128,0.06524271844660207
252,0.20196078431372544,0.12319327731092435,0.1503448275862068,0.09590361445783124,0.08740740740740731
253,0.21473118279569892,0.15999999999999998,0.1824999999999999,0.13947368421052625,0.13849710982658947
254,0.19586206896551714,0.15151515151515152,0.18333333333333335,0.14090909090909087,0.14155405405405397
255,0.24608333333333324,0.17866197183098584,0.20451977401129937,0.15507246376811593,0.1629999999999999
256,0.1893333333333333,0.12387096774193536,0.14879999999999996,0.0773255813953489,0.05897959183673471
257,0.3005714285714286,0.23524193548387087,0.28535031847133757,0.2456906077348066,0.2740284360189573
258,0.3333333333333333,0.2756779661016948,0.32659999999999995,0.2813872832369942,0.30482758620689654
259,0.19880341880341873,0.13306569343065686,0.1691616766467066,0.12338461538461525,0.11965065502183396
260,0.14444444444444443,0.10235294117647056,0.12916666666666654,0.08880597014925366,0.0699999999999999
261,0.20520833333333321,0.14357142857142854,0.174485294117647,0.1266025641025641,0.12432584269662919
262,0.16639534883720933,0.12577319587628855,0.13062499999999996,0.07804878048780484,0.06340740740740732
263,0.1979245283018867,0.13951612903225805,0.16185430463576148,0.10474576271186452,0.08096618357487932
264,0.24254237288135586,0.18056737588652477,0.2206818181818182,0.1741262135922329,0.17311203319502075
265,0.2069411764705881,0.149090909090909,0.18557377049180318,0.14212765957446802,0.13865030674846623
266,0.24420634920634918,0.188993288590604,0.20480874316939884,0.15323943661971826,0.13689795918367342
267,0.24307692307692305,0.18417266187050355,0.22238372093023256,0.16955223880597006,0.16420600858369094
268,0.2628571428571428,0.21344370860927145,0.2501063829787233,0.2141176470588235,0.2251162790697674
269,0.24464912280701756,0.1845185185185185,0.21242603550295844,0.15555555555555547,0.16008658008658005
270,0.20429999999999993,0.1429059829059829,0.17098591549295766,0.11595092024539863,0.09999999999999985
271,0.3082474226804123,0.26069565217391294,0.3147586206896551,0.28642857142857137,0.3139086294416244
272,0.23450381679389312,0.16089743589743585,0.17906249999999999,0.12107623318385638,0.09509727626459154
273,0.33055118110236215,0.2757236842105263,0.32849740932642474,0.27982062780269046,0.2892307692307692
274,0.18999999999999995,0.13585585585585583,0.14419847328244265,0.07567567567567579,0.049638554216867525
275,0.15999999999999992,0.10989010989010989,0.14198113207547167,0.09461538461538456,0.08744186046511618
276,0.2476562499999999,0.18342105263157893,0.2145744680851064,0.18493150684931506,0.16260869565217387
277,0.18696629213483146,0.12970873786407766,0.14344262295081955,0.08289855072463756,0.05032258064516136
278,0.2360975609756097,0.1697959183673469,0.20913043478260865,0.161860465116279,0.16666666666666666
279,0.18518518518518517,0.11904761904761893,0.14909090909090897,0.09344632768361594,0.07794117647058826
280,0.2467199999999999,0.19067567567567567,0.22265193370165737,0.175,0.15991701244813275
281,0.27540983606557373,0.22925170068027212,0.25704918032786883,0.20474418604651154,0.18464
282,0.1847619047619047,0.13874999999999993,0.15725663716814156,0.09999999999999995,0.08971428571428564
283,0.17268292682926825,0.11408602150537633,0.13805555555555551,0.09851239669421477,0.0739097744360901
284,0.3329411764705882,0.288780487804878,0.33503144654088046,0.2919999999999999,0.3117272727272728
285,0.19876543209876535,0.15351063829787226,0.17982456140350864,0.13386363636363627,0.12368421052631567
286,0.2969072164948453,0.2384615384615384,0.2998013245033112,0.24948863636363636,0.273076923076923
287,0.22876404494382022,0.17427184466019421,0.18679999999999997,0.14548611111111104,0.14120481927710843
288,0.19705882352941176,0.16371134020618552,0.17168141592920347,0.14015748031496061,0.129645390070922
289,0.3488311688311688,0.2805405405405404,0.3241525423728814,0.27649635036496345,0.2848447204968945
290,0.1933999999999999,0.135042735042735,0.16195804195804184,0.10036144578313268,0.09505154639175271
291,0.2081818181818181,0.1575999999999999,0.15743589743589745,0.10969465648854955,0.10589041095890397
292,0.18341463414634138,0.13489361702127653,0.1517117117117116,0.11831999999999994,0.09935251798561143
293,0.239090909090909,0.17452229299363042,0.1965463917525773,0.14632743362831854,0.12758620689655165
294,0.1939655172413792,0.12844444444444436,0.15558282208588947,0.10042553191489359,0.0935813953488371
295,0.20072289156626502,0.14399999999999993,0.16714285714285712,0.1333333333333333,0.12872340425531908
296,0.21547169811320743,0.14733870967741933,0.16399999999999995,0.10658959537572253,0.1041116751269035
297,0.20948453608247417,0.14357142857142854,0.15311111111111103,0.09818181818181802,0.09241379310344819
298,0.19999999999999987,0.14064516129032256,0.16545454545454535,0.11317073170731697,0.0992753623188405
299,0.1797619047619047,0.12042553191489354,0.14422018348623852,0.10783333333333331,0.10060606060606062
300,0.21990196078431365,0.16806722689075618,0.19620689655172405,0.13904761904761914,0.14096938775510215
301,0.16827586206896553,0.12454545454545453,0.1513793103448275,0.10418604651162788,0.08615384615384611
302,0.21711711711711706,0.14615384615384605,0.1635443037974682,0.11214285714285728,0.10724637681159414
303,0.20202247191011224,0.15792079207920795,0.18033898305084747,0.14766917293233084,0.1451700680272109
304,0.31593103448275855,0.26534883720930225,0.31775229357798157,0.28492063492063485,0.2946938775510204
305,0.20609756097560966,0.15106382978723407,0.15963963963963962,0.10976,0.09742857142857134
306,0.27289256198347106,0.22722222222222221,0.2604444444444444,0.22170616113744077,0.2393902439024391
307,0.18372093023255812,0.12132653061224491,0.14539130434782607,0.10418604651162788,0.10125874125874118
308,0.24927419354838706,0.19067567567567567,0.22075675675675677,0.1774193548387097,0.16909448818897632
309,0.2775572519083969,0.224968152866242,0.26051282051282043,0.21814977973568286,0.22813688212927757
310,0.1815151515151515,0.12956521739130428,0.15507246376811587,0.10075949367088599,0.09664804469273733
311,0.1588235294117647,0.10412371134020612,0.11592920353982296,0.05777777777777767,0.056499999999999974
312,0.18549450549450544,0.14650943396226404,0.1771428571428571,0.12342657342657337,0.11049382716049369
313,0.16428571428571426,0.1224999999999999,0.14178571428571424,0.08439999999999998,0.07586956521739119
314,0.2501574803149606,0.18342105263157893,0.22452631578947366,0.17660714285714288,0.16743295019157084
315,0.20227272727272724,0.1529411764705882,0.16829268292682917,0.09439716312056749,0.07142857142857142
316,0.15364705882352928,0.09278350515463918,0.11394736842105259,0.056850393700787503,0.04631205673758866
317,0.20072289156626502,0.14177083333333332,0.15725663716814156,0.1069291338582677,0.10330985915492949
318,0.2826086956521739,0.22592592592592584,0.27360294117647055,0.21807692307692314,0.23756906077348067
319,0.22877358490566038,0.15317460317460316,0.1817307692307692,0.1265573770491803,0.1192957746478873
320,0.25923076923076915,0.20741935483870963,0.2455958549222798,0.20346666666666668,0.19888888888888887
